concept_id,subject,canonical_name,concept_type,validation_status,validation_errors,mechanism_nodes,mechanism_edges,review_decision,reviewer,notes
biology_7a_rjb_cpt1,biology,生物,definition,valid,[],"[{""id"": ""n1"", ""type"": ""entity"", ""text"": ""生物（生命体）"", ""weight"": 1.0, ""evidence_refs"": [""kg-node:biology_7a_rjb_cpt1:name"", ""kg-node:biology_7a_rjb_cpt1:aliases""]}, {""id"": ""n2"", ""type"": ""condition"", ""text"": ""具有一系列共同生命特征（需要营养、能呼吸、能排出废物、能对刺激作出反应、能生长和繁殖、具有遗传和变异）"", ""weight"": 1.0, ""evidence_refs"": [""kg-node:biology_7a_rjb_cpt1:definition""]}, {""id"": ""n3"", ""type"": ""condition"", ""text"": ""除病毒外，一般由细胞构成"", ""weight"": 1.0, ""evidence_refs"": [""kg-node:biology_7a_rjb_cpt1:definition""]}, {""id"": ""n4"", ""type"": ""evidence"", ""text"": ""示例：小麦、海豚、鲸、人、含羞草、幼鳄、蘑菇、狗、珊瑚虫"", ""weight"": 1.0, ""evidence_refs"": [""kg-node:biology_7a_rjb_cpt1:examples""]}]","[{""id"": ""e1"", ""source"": ""n2"", ""target"": ""n1"", ""relation"": ""verifies"", ""weight"": 1.0, ""evidence_refs"": [""kg-node:biology_7a_rjb_cpt1:definition""]}, {""id"": ""e2"", ""source"": ""n3"", ""target"": ""n1"", ""relation"": ""verifies"", ""weight"": 1.0, ""evidence_refs"": [""kg-node:biology_7a_rjb_cpt1:definition""]}, {""id"": ""e3"", ""source"": ""n4"", ""target"": ""n1"", ""relation"": ""verifies"", ""weight"": 1.0, ""evidence_refs"": [""kg-node:biology_7a_rjb_cpt1:examples""]}]",,,
biology_7a_rjb_cpt10,biology,遗传和变异,definition,valid,[],"[{""id"": ""n1"", ""type"": ""entity"", ""text"": ""子代与亲代"", ""weight"": 1.0, ""evidence_refs"": [""kg-node:biology_7a_rjb_cpt10:definition""]}, {""id"": ""n2"", ""type"": ""state"", ""text"": ""表现出相同特征（遗传）"", ""weight"": 1.0, ""evidence_refs"": [""kg-node:biology_7a_rjb_cpt10:definition""]}, {""id"": ""n3"", ""type"": ""state"", ""text"": ""总有一部分特征不相同（变异）"", ""weight"": 1.0, ""evidence_refs"": [""kg-node:biology_7a_rjb_cpt10:definition""]}, {""id"": ""n4"", ""type"": ""outcome"", ""text"": ""遗传和变异现象"", ""weight"": 1.0, ""evidence_refs"": [""kg-node:biology_7a_rjb_cpt10:definition"", ""kg-node:biology_7a_rjb_cpt10:examples""]}, {""id"": ""n5"", ""type"": ""entity"", ""text"": ""生物的共同特征"", ""weight"": 1.0, ""evidence_refs"": [""kg-edge:normalized:edge:10771""]}]","[{""id"": ""e1"", ""source"": ""n1"", ""target"": ""n2"", ""relation"": ""produces"", ""weight"": 1.0, ""evidence_refs"": [""kg-node:biology_7a_rjb_cpt10:definition""]}, {""id"": ""e2"", ""source"": ""n1"", ""target"": ""n3"", ""relation"": ""produces"", ""weight"": 1.0, ""evidence_refs"": [""kg-node:biology_7a_rjb_cpt10:definition""]}, {""id"": ""e3"", ""source"": ""n2"", ""target"": ""n4"", ""relation"": ""part_of"", ""weight"": 1.0, ""evidence_refs"": [""kg-node:biology_7a_rjb_cpt10:definition""]}, {""id"": ""e4"", ""source"": ""n3"", ""target"": ""n4"", ""relation"": ""part_of"", ""weight"": 1.0, ""evidence_refs"": [""kg-node:biology_7a_rjb_cpt10:definition""]}, {""id"": ""e5"", ""source"": ""n4"", ""target"": ""n5"", ""relation"": ""is_a"", ""weight"": 1.0, ""evidence_refs"": [""kg-edge:normalized:edge:10771""]}]",,,
biology_7a_rjb_cpt100,biology,苔藓植物是监测空气污染的指示植物,definition,valid,[],"[{""id"": ""n1"", ""type"": ""entity"", ""text"": ""苔藓植物"", ""weight"": 1.0, ""evidence_refs"": [""kg-node:biology_7a_rjb_cpt100:definition"", ""kg-node:biology_7a_rjb_cpt100:retrieval_text""]}, {""id"": ""n2"", ""type"": ""state"", ""text"": ""叶只有一层细胞"", ""weight"": 1.0, ""evidence_refs"": [""kg-node:biology_7a_rjb_cpt100:definition"", ""kg-node:biology_7a_rjb_cpt100:retrieval_text""]}, {""id"": ""n3"", ""type"": ""entity"", ""text"": ""二氧化硫等有毒气体"", ""weight"": 1.0, ""evidence_refs"": [""kg-node:biology_7a_rjb_cpt100:definition"", ""kg-node:biology_7a_rjb_cpt100:retrieval_text""]}, {""id"": ""n4"", ""type"": ""process"", ""text"": ""从背腹两面侵入细胞"", ""weight"": 1.0, ""evidence_refs"": [""kg-node:biology_7a_rjb_cpt100:definition"", ""kg-node:biology_7a_rjb_cpt100:retrieval_text""]}, {""id"": ""n5"", ""type"": ""outcome"", ""text"": ""威胁生存"", ""weight"": 1.0, ""evidence_refs"": [""kg-node:biology_7a_rjb_cpt100:definition"", ""kg-node:biology_7a_rjb_cpt100:retrieval_text""]}, {""id"": ""n6"", ""type"": ""condition"", ""text"": ""可用作监测空气污染程度的指示植物"", ""weight"": 1.0, ""evidence_refs"": [""kg-node:biology_7a_rjb_cpt100:definition"", ""kg-node:biology_7a_rjb_cpt100:retrieval_text""]}]","[{""id"": ""e1"", ""source"": ""n1"", ""target"": ""n2"", ""relation"": ""relates_to"", ""weight"": 1.0, ""evidence_refs"": [""kg-node:biology_7a_rjb_cpt100:definition"", ""kg-node:biology_7a_rjb_cpt100:retrieval_text""]}, {""id"": ""e2"", ""source"": ""n2"", ""target"": ""n4"", ""relation"": ""enables"", ""weight"": 1.0, ""evidence_refs"": [""kg-node:biology_7a_rjb_cpt100:definition"", ""kg-node:biology_7a_rjb_cpt100:retrieval_text""]}, {""id"": ""e3"", ""source"": ""n3"", ""target"": ""n4"", ""relation"": ""relates_to"", ""weight"": 1.0, ""evidence_refs"": [""kg-node:biology_7a_rjb_cpt100:definition"", ""kg-node:biology_7a_rjb_cpt100:retrieval_text""]}, {""id"": ""e4"", ""source"": ""n4"", ""target"": ""n5"", ""relation"": ""causes"", ""weight"": 1.0, ""evidence_refs"": [""kg-node:biology_7a_rjb_cpt100:definition"", ""kg-node:biology_7a_rjb_cpt100:retrieval_text""]}, {""id"": ""e5"", ""source"": ""n5"", ""target"": ""n6"", ""relation"": ""enables"", ""weight"": 1.0, ""evidence_refs"": [""kg-node:biology_7a_rjb_cpt100:definition"", ""kg-node:biology_7a_rjb_cpt100:retrieval_text""]}]",,,
biology_7a_rjb_cpt101,biology,种子萌发,process,valid,[],"[{""id"": ""n1"", ""type"": ""condition"", ""text"": ""种子萌发的环境条件"", ""weight"": 1.0, ""evidence_refs"": [""kg-edge:normalized:edge:14133"", ""kg-edge:normalized:edge:10772""]}, {""id"": ""n2"", ""type"": ""condition"", ""text"": ""种子萌发的自身条件"", ""weight"": 1.0, ""evidence_refs"": [""kg-edge:normalized:edge:14134"", ""kg-edge:normalized:edge:10776""]}, {""id"": ""n3"", ""type"": ""process"", ""text"": ""种子在适宜条件下吸水并利用贮藏营养，使胚根、胚芽等开始发育，最终长成幼苗的过程"", ""weight"": 1.0, ""evidence_refs"": [""kg-node:biology_7a_rjb_cpt101:definition"", ""kg-node:biology_7a_rjb_cpt101:retrieval_text""]}]","[{""id"": ""e1"", ""source"": ""n1"", ""target"": ""n3"", ""relation"": ""requires"", ""weight"": 1.0, ""evidence_refs"": [""kg-edge:normalized:edge:14133""]}, {""id"": ""e2"", ""source"": ""n2"", ""target"": ""n3"", ""relation"": ""requires"", ""weight"": 1.0, ""evidence_refs"": [""kg-edge:normalized:edge:14134""]}, {""id"": ""e3"", ""source"": ""n1"", ""target"": ""n3"", ""relation"": ""is_a"", ""weight"": 1.0, ""evidence_refs"": [""kg-edge:normalized:edge:10772""]}, {""id"": ""e4"", ""source"": ""n2"", ""target"": ""n3"", ""relation"": ""is_a"", ""weight"": 1.0, ""evidence_refs"": [""kg-edge:normalized:edge:10776""]}]",,,
biology_7a_rjb_cpt102,biology,种子萌发的环境条件,definition,valid,[],"[{""id"": ""n1"", ""type"": ""condition"", ""text"": ""种子萌发的环境条件"", ""weight"": 1.0, ""evidence_refs"": [""kg-node:biology_7a_rjb_cpt102:definition"", ""kg-node:biology_7a_rjb_cpt102:retrieval_text""]}, {""id"": ""n2"", ""type"": ""condition"", ""text"": ""适宜的温度"", ""weight"": 1.0, ""evidence_refs"": [""kg-edge:normalized:edge:10773""]}, {""id"": ""n3"", ""type"": ""condition"", ""text"": ""一定的水分"", ""weight"": 1.0, ""evidence_refs"": [""kg-edge:normalized:edge:10774""]}, {""id"": ""n4"", ""type"": ""condition"", ""text"": ""充足的空气（氧气）"", ""weight"": 1.0, ""evidence_refs"": [""kg-edge:normalized:edge:10775""]}, {""id"": ""n5"", ""type"": ""process"", ""text"": ""种子萌发"", ""weight"": 1.0, ""evidence_refs"": [""kg-edge:normalized:edge:10772"", ""kg-edge:normalized:edge:14133""]}, {""id"": ""n6"", ""type"": ""evidence"", ""text"": ""探究种子萌发的环境条件（四瓶对照实验）"", ""weight"": 0.95, ""evidence_refs"": [""kg-edge:normalized:edge:22413""]}]","[{""id"": ""e1"", ""source"": ""n2"", ""target"": ""n1"", ""relation"": ""is_a"", ""weight"": 1.0, ""evidence_refs"": [""kg-edge:normalized:edge:10773""]}, {""id"": ""e2"", ""source"": ""n3"", ""target"": ""n1"", ""relation"": ""is_a"", ""weight"": 1.0, ""evidence_refs"": [""kg-edge:normalized:edge:10774""]}, {""id"": ""e3"", ""source"": ""n4"", ""target"": ""n1"", ""relation"": ""is_a"", ""weight"": 1.0, ""evidence_refs"": [""kg-edge:normalized:edge:10775""]}, {""id"": ""e4"", ""source"": ""n1"", ""target"": ""n5"", ""relation"": ""is_a"", ""weight"": 1.0, ""evidence_refs"": [""kg-edge:normalized:edge:10772""]}, {""id"": ""e5"", ""source"": ""n1"", ""target"": ""n5"", ""relation"": ""requires"", ""weight"": 1.35, ""evidence_refs"": [""kg-edge:normalized:edge:14133""]}, {""id"": ""e6"", ""source"": ""n6"", ""target"": ""n1"", ""relation"": ""verifies"", ""weight"": 0.95, ""evidence_refs"": [""kg-edge:normalized:edge:22413""]}]",,,
biology_7a_rjb_cpt103,biology,适宜的温度,definition,valid,[],"[{""id"": ""n1"", ""type"": ""condition"", ""text"": ""适宜的温度"", ""weight"": 1.0, ""evidence_refs"": [""kg-node:biology_7a_rjb_cpt103:definition"", ""kg-node:biology_7a_rjb_cpt103:retrieval_text""]}, {""id"": ""n2"", ""type"": ""condition"", ""text"": ""种子萌发的环境条件"", ""weight"": 1.0, ""evidence_refs"": [""kg-edge:normalized:edge:10773""]}, {""id"": ""n3"", ""type"": ""process"", ""text"": ""种子萌发生理活动"", ""weight"": 1.0, ""evidence_refs"": [""kg-node:biology_7a_rjb_cpt103:definition""]}, {""id"": ""n4"", ""type"": ""outcome"", ""text"": ""种子完成萌发"", ""weight"": 1.0, ""evidence_refs"": [""kg-node:biology_7a_rjb_cpt103:definition""]}, {""id"": ""n5"", ""type"": ""state"", ""text"": ""温度过低"", ""weight"": 1.0, ""evidence_refs"": [""kg-node:biology_7a_rjb_cpt103:definition""]}]","[{""id"": ""e1"", ""source"": ""n1"", ""target"": ""n2"", ""relation"": ""is_a"", ""weight"": 1.0, ""evidence_refs"": [""kg-edge:normalized:edge:10773""]}, {""id"": ""e2"", ""source"": ""n1"", ""target"": ""n3"", ""relation"": ""enables"", ""weight"": 1.0, ""evidence_refs"": [""kg-node:biology_7a_rjb_cpt103:definition""]}, {""id"": ""e3"", ""source"": ""n3"", ""target"": ""n4"", ""relation"": ""produces"", ""weight"": 1.0, ""evidence_refs"": [""kg-node:biology_7a_rjb_cpt103:definition""]}, {""id"": ""e4"", ""source"": ""n5"", ""target"": ""n3"", ""relation"": ""constrains"", ""weight"": 1.0, ""evidence_refs"": [""kg-node:biology_7a_rjb_cpt103:definition""]}]",,,
biology_7a_rjb_cpt104,biology,一定的水分,definition,valid,[],"[{""id"": ""n1"", ""type"": ""condition"", ""text"": ""一定的水分"", ""weight"": 1.0, ""evidence_refs"": [""kg-node:biology_7a_rjb_cpt104:definition"", ""kg-node:biology_7a_rjb_cpt104:retrieval_text""]}, {""id"": ""n2"", ""type"": ""condition"", ""text"": ""种子萌发的环境条件"", ""weight"": 1.0, ""evidence_refs"": [""kg-edge:normalized:edge:10774""]}]","[{""id"": ""e1"", ""source"": ""n1"", ""target"": ""n2"", ""relation"": ""is_a"", ""weight"": 1.0, ""evidence_refs"": [""kg-edge:normalized:edge:10774""]}]",,,
biology_7a_rjb_cpt105,biology,充足的空气（氧气）,definition,valid,[],"[{""id"": ""n1"", ""type"": ""condition"", ""text"": ""充足的空气（氧气）"", ""weight"": 1.0, ""evidence_refs"": [""kg-node:biology_7a_rjb_cpt105:definition"", ""kg-node:biology_7a_rjb_cpt105:retrieval_text""]}, {""id"": ""n2"", ""type"": ""condition"", ""text"": ""种子萌发的环境条件"", ""weight"": 1.0, ""evidence_refs"": [""kg-edge:normalized:edge:10775""]}]","[{""id"": ""e1"", ""source"": ""n1"", ""target"": ""n2"", ""relation"": ""is_a"", ""weight"": 1.0, ""evidence_refs"": [""kg-edge:normalized:edge:10775""]}]",,,
biology_7a_rjb_cpt106,biology,种子萌发的自身条件,definition,valid,[],"[{""id"": ""n1"", ""type"": ""condition"", ""text"": ""种子萌发的自身条件"", ""weight"": 1.0, ""evidence_refs"": [""kg-node:biology_7a_rjb_cpt106:definition"", ""kg-node:biology_7a_rjb_cpt106:retrieval_text""]}, {""id"": ""n2"", ""type"": ""condition"", ""text"": ""胚完整且有活性"", ""weight"": 1.0, ""evidence_refs"": [""kg-node:biology_7a_rjb_cpt106:definition""]}, {""id"": ""n3"", ""type"": ""condition"", ""text"": ""种子未处于休眠"", ""weight"": 1.0, ""evidence_refs"": [""kg-node:biology_7a_rjb_cpt106:definition""]}, {""id"": ""n4"", ""type"": ""state"", ""text"": ""种子休眠"", ""weight"": 1.0, ""evidence_refs"": [""kg-edge:normalized:edge:10777""]}, {""id"": ""n5"", ""type"": ""outcome"", ""text"": ""种子萌发"", ""weight"": 1.0, ""evidence_refs"": [""kg-edge:normalized:edge:14134"", ""kg-edge:normalized:edge:10776""]}, {""id"": ""n6"", ""type"": ""state"", ""text"": ""干瘪、胚被虫咬坏、胚死亡"", ""weight"": 1.0, ""evidence_refs"": [""kg-node:biology_7a_rjb_cpt106:definition""]}]","[{""id"": ""e1"", ""source"": ""n1"", ""target"": ""n5"", ""relation"": ""is_a"", ""weight"": 1.0, ""evidence_refs"": [""kg-edge:normalized:edge:10776""]}, {""id"": ""e2"", ""source"": ""n4"", ""target"": ""n1"", ""relation"": ""is_a"", ""weight"": 1.0, ""evidence_refs"": [""kg-edge:normalized:edge:10777""]}, {""id"": ""e3"", ""source"": ""n1"", ""target"": ""n5"", ""relation"": ""requires"", ""weight"": 1.0, ""evidence_refs"": [""kg-edge:normalized:edge:14134""]}, {""id"": ""e4"", ""source"": ""n2"", ""target"": ""n1"", ""relation"": ""part_of"", ""weight"": 1.0, ""evidence_refs"": [""kg-node:biology_7a_rjb_cpt106:definition""]}, {""id"": ""e5"", ""source"": ""n3"", ""target"": ""n1"", ""relation"": ""part_of"", ""weight"": 1.0, ""evidence_refs"": [""kg-node:biology_7a_rjb_cpt106:definition""]}, {""id"": ""e6"", ""source"": ""n6"", ""target"": ""n1"", ""relation"": ""constrains"", ""weight"": 1.0, ""evidence_refs"": [""kg-node:biology_7a_rjb_cpt106:definition""]}]",,,
biology_7a_rjb_cpt107,biology,种子休眠,definition,valid,[],"[{""id"": ""n1"", ""type"": ""condition"", ""text"": ""种子萌发的自身条件"", ""weight"": 1.0, ""evidence_refs"": [""kg-edge:normalized:edge:10777""]}, {""id"": ""n2"", ""type"": ""state"", ""text"": ""种子成熟后在一段时期内即使环境适宜也不能萌发的现象"", ""weight"": 1.0, ""evidence_refs"": [""kg-node:biology_7a_rjb_cpt107:definition"", ""kg-node:biology_7a_rjb_cpt107:retrieval_text""]}, {""id"": ""n3"", ""type"": ""outcome"", ""text"": ""有助于植物躲过不利季节（如严冬）"", ""weight"": 1.0, ""evidence_refs"": [""kg-node:biology_7a_rjb_cpt107:definition"", ""kg-node:biology_7a_rjb_cpt107:retrieval_text""]}, {""id"": ""n4"", ""type"": ""process"", ""text"": ""长期适应环境的结果"", ""weight"": 1.0, ""evidence_refs"": [""kg-node:biology_7a_rjb_cpt107:definition"", ""kg-node:biology_7a_rjb_cpt107:retrieval_text""]}]","[{""id"": ""e1"", ""source"": ""n2"", ""target"": ""n1"", ""relation"": ""is_a"", ""weight"": 1.0, ""evidence_refs"": [""kg-edge:normalized:edge:10777""]}, {""id"": ""e2"", ""source"": ""n2"", ""target"": ""n3"", ""relation"": ""enables"", ""weight"": 1.0, ""evidence_refs"": [""kg-node:biology_7a_rjb_cpt107:definition"", ""kg-node:biology_7a_rjb_cpt107:retrieval_text""]}, {""id"": ""e3"", ""source"": ""n4"", ""target"": ""n2"", ""relation"": ""produces"", ""weight"": 1.0, ""evidence_refs"": [""kg-node:biology_7a_rjb_cpt107:definition"", ""kg-node:biology_7a_rjb_cpt107:retrieval_text""]}]",,,
biology_7a_rjb_cpt108,biology,种子萌发的过程,process,valid,[],"[{""id"": ""n1"", ""type"": ""condition"", ""text"": ""种子吸收水分"", ""weight"": 1.0, ""evidence_refs"": [""kg-node:biology_7a_rjb_cpt108:definition""]}, {""id"": ""n2"", ""type"": ""process"", ""text"": ""子叶或胚乳中的营养物质转运给胚根、胚芽、胚轴"", ""weight"": 1.0, ""evidence_refs"": [""kg-node:biology_7a_rjb_cpt108:definition""]}, {""id"": ""n3"", ""type"": ""process"", ""text"": ""胚根突破种皮形成根"", ""weight"": 1.0, ""evidence_refs"": [""kg-node:biology_7a_rjb_cpt108:definition""]}, {""id"": ""n4"", ""type"": ""process"", ""text"": ""胚轴伸长"", ""weight"": 1.0, ""evidence_refs"": [""kg-node:biology_7a_rjb_cpt108:definition""]}, {""id"": ""n5"", ""type"": ""process"", ""text"": ""胚芽发育成茎和叶"", ""weight"": 1.0, ""evidence_refs"": [""kg-node:biology_7a_rjb_cpt108:definition""]}, {""id"": ""n6"", ""type"": ""outcome"", ""text"": ""种子萌发"", ""weight"": 1.0, ""evidence_refs"": [""kg-node:biology_7a_rjb_cpt108:definition"", ""kg-node:biology_7a_rjb_cpt108:name""]}]","[{""id"": ""e1"", ""source"": ""n1"", ""target"": ""n2"", ""relation"": ""enables"", ""weight"": 1.0, ""evidence_refs"": [""kg-node:biology_7a_rjb_cpt108:definition""]}, {""id"": ""e2"", ""source"": ""n2"", ""target"": ""n3"", ""relation"": ""enables"", ""weight"": 1.0, ""evidence_refs"": [""kg-node:biology_7a_rjb_cpt108:definition""]}, {""id"": ""e3"", ""source"": ""n2"", ""target"": ""n4"", ""relation"": ""enables"", ""weight"": 1.0, ""evidence_refs"": [""kg-node:biology_7a_rjb_cpt108:definition""]}, {""id"": ""e4"", ""source"": ""n2"", ""target"": ""n5"", ""relation"": ""enables"", ""weight"": 1.0, ""evidence_refs"": [""kg-node:biology_7a_rjb_cpt108:definition""]}, {""id"": ""e5"", ""source"": ""n3"", ""target"": ""n6"", ""relation"": ""part_of"", ""weight"": 1.0, ""evidence_refs"": [""kg-node:biology_7a_rjb_cpt108:definition""]}, {""id"": ""e6"", ""source"": ""n4"", ""target"": ""n6"", ""relation"": ""part_of"", ""weight"": 1.0, ""evidence_refs"": [""kg-node:biology_7a_rjb_cpt108:definition""]}, {""id"": ""e7"", ""source"": ""n5"", ""target"": ""n6"", ""relation"": ""part_of"", ""weight"": 1.0, ""evidence_refs"": [""kg-node:biology_7a_rjb_cpt108:definition""]}]",,,
biology_7a_rjb_cpt109,biology,发芽率,definition,valid,[],"[{""id"": ""n1"", ""type"": ""entity"", ""text"": ""供检测的种子"", ""weight"": 1.0, ""evidence_refs"": [""kg-node:biology_7a_rjb_cpt109:definition"", ""kg-node:biology_7a_rjb_cpt109:formula""]}, {""id"": ""n2"", ""type"": ""entity"", ""text"": ""发芽的种子数"", ""weight"": 1.0, ""evidence_refs"": [""kg-node:biology_7a_rjb_cpt109:formula""]}, {""id"": ""n3"", ""type"": ""outcome"", ""text"": ""发芽率"", ""weight"": 1.0, ""evidence_refs"": [""kg-node:biology_7a_rjb_cpt109:definition"", ""kg-node:biology_7a_rjb_cpt109:formula"", ""kg-node:biology_7a_rjb_cpt109:name""]}, {""id"": ""n4"", ""type"": ""process"", ""text"": ""测定种子的发芽率（培养皿样本检测）"", ""weight"": 0.95, ""evidence_refs"": [""kg-edge:normalized:edge:22391""]}]","[{""id"": ""e1"", ""source"": ""n1"", ""target"": ""n3"", ""relation"": ""part_of"", ""weight"": 1.0, ""evidence_refs"": [""kg-node:biology_7a_rjb_cpt109:definition"", ""kg-node:biology_7a_rjb_cpt109:formula""]}, {""id"": ""e2"", ""source"": ""n2"", ""target"": ""n3"", ""relation"": ""part_of"", ""weight"": 1.0, ""evidence_refs"": [""kg-node:biology_7a_rjb_cpt109:formula""]}, {""id"": ""e3"", ""source"": ""n4"", ""target"": ""n3"", ""relation"": ""verifies"", ""weight"": 0.95, ""evidence_refs"": [""kg-edge:normalized:edge:22391""]}]",,,
biology_7a_rjb_cpt11,biology,细胞,process,valid,[],"[{""id"": ""n1"", ""type"": ""entity"", ""text"": ""细胞"", ""weight"": 1.0, ""evidence_refs"": [""kg-node:biology_7a_rjb_cpt11:definition"", ""kg-node:biology_7a_rjb_cpt11:name""]}, {""id"": ""n2"", ""type"": ""entity"", ""text"": ""组织"", ""weight"": 1.0, ""evidence_refs"": [""kg-edge:normalized:edge:14135""]}, {""id"": ""n3"", ""type"": ""entity"", ""text"": ""细胞是基本的生命系统"", ""weight"": 1.0, ""evidence_refs"": [""kg-edge:normalized:edge:14137""]}, {""id"": ""n4"", ""type"": ""entity"", ""text"": ""细胞是生命活动的基本单位"", ""weight"": 1.0, ""evidence_refs"": [""kg-edge:normalized:edge:14136""]}, {""id"": ""n5"", ""type"": ""entity"", ""text"": ""病毒"", ""weight"": 1.0, ""evidence_refs"": [""kg-edge:normalized:edge:17836""]}]","[{""id"": ""e1"", ""source"": ""n1"", ""target"": ""n2"", ""relation"": ""requires"", ""weight"": 1.0, ""evidence_refs"": [""kg-edge:normalized:edge:14135""]}, {""id"": ""e2"", ""source"": ""n1"", ""target"": ""n3"", ""relation"": ""requires"", ""weight"": 1.0, ""evidence_refs"": [""kg-edge:normalized:edge:14137""]}, {""id"": ""e3"", ""source"": ""n1"", ""target"": ""n4"", ""relation"": ""requires"", ""weight"": 1.0, ""evidence_refs"": [""kg-edge:normalized:edge:14136""]}, {""id"": ""e4"", ""source"": ""n1"", ""target"": ""n5"", ""relation"": ""relates_to"", ""weight"": 1.0, ""evidence_refs"": [""kg-edge:normalized:edge:17836""]}]",,,
biology_7a_rjb_cpt110,biology,抽样检测,definition,valid,[],"[{""id"": ""n1"", ""type"": ""condition"", ""text"": ""从检测对象总体中抽取少量个体作为样本进行检测，并用样本结果反映总体情况的方法；抽样需避免主观影响、样本量适当并尽量随机。"", ""weight"": 1.0, ""evidence_refs"": [""kg-node:biology_7a_rjb_cpt110:definition"", ""kg-node:biology_7a_rjb_cpt110:retrieval_text""]}, {""id"": ""n2"", ""type"": ""process"", ""text"": ""测定种子的发芽率（培养皿样本检测）"", ""weight"": 1.0, ""evidence_refs"": [""kg-edge:normalized:edge:14138""]}]","[{""id"": ""e1"", ""source"": ""n1"", ""target"": ""n2"", ""relation"": ""enables"", ""weight"": 1.0, ""evidence_refs"": [""kg-edge:normalized:edge:14138""]}]",,,
biology_7a_rjb_cpt111,biology,花的基本结构,definition,valid,[],"[{""id"": ""n1"", ""type"": ""entity"", ""text"": ""花"", ""weight"": 1.0, ""evidence_refs"": [""kg-node:biology_7a_rjb_cpt111:definition""]}, {""id"": ""n2"", ""type"": ""entity"", ""text"": ""花柄"", ""weight"": 1.0, ""evidence_refs"": [""kg-node:biology_7a_rjb_cpt111:definition""]}, {""id"": ""n3"", ""type"": ""entity"", ""text"": ""花托"", ""weight"": 1.0, ""evidence_refs"": [""kg-node:biology_7a_rjb_cpt111:definition""]}, {""id"": ""n4"", ""type"": ""entity"", ""text"": ""萼片"", ""weight"": 1.0, ""evidence_refs"": [""kg-node:biology_7a_rjb_cpt111:definition""]}, {""id"": ""n5"", ""type"": ""entity"", ""text"": ""花瓣"", ""weight"": 1.0, ""evidence_refs"": [""kg-node:biology_7a_rjb_cpt111:definition""]}, {""id"": ""n6"", ""type"": ""entity"", ""text"": ""雄蕊"", ""weight"": 1.0, ""evidence_refs"": [""kg-node:biology_7a_rjb_cpt111:definition""]}, {""id"": ""n7"", ""type"": ""entity"", ""text"": ""雌蕊"", ""weight"": 1.0, ""evidence_refs"": [""kg-node:biology_7a_rjb_cpt111:definition""]}, {""id"": ""n8"", ""type"": ""state"", ""text"": ""主要结构"", ""weight"": 1.0, ""evidence_refs"": [""kg-node:biology_7a_rjb_cpt111:definition""]}]","[{""id"": ""e1"", ""source"": ""n1"", ""target"": ""n2"", ""relation"": ""part_of"", ""weight"": 1.0, ""evidence_refs"": [""kg-node:biology_7a_rjb_cpt111:definition""]}, {""id"": ""e2"", ""source"": ""n1"", ""target"": ""n3"", ""relation"": ""part_of"", ""weight"": 1.0, ""evidence_refs"": [""kg-node:biology_7a_rjb_cpt111:definition""]}, {""id"": ""e3"", ""source"": ""n1"", ""target"": ""n4"", ""relation"": ""part_of"", ""weight"": 1.0, ""evidence_refs"": [""kg-node:biology_7a_rjb_cpt111:definition""]}, {""id"": ""e4"", ""source"": ""n1"", ""target"": ""n5"", ""relation"": ""part_of"", ""weight"": 1.0, ""evidence_refs"": [""kg-node:biology_7a_rjb_cpt111:definition""]}, {""id"": ""e5"", ""source"": ""n1"", ""target"": ""n6"", ""relation"": ""part_of"", ""weight"": 1.0, ""evidence_refs"": [""kg-node:biology_7a_rjb_cpt111:definition""]}, {""id"": ""e6"", ""source"": ""n1"", ""target"": ""n7"", ""relation"": ""part_of"", ""weight"": 1.0, ""evidence_refs"": [""kg-node:biology_7a_rjb_cpt111:definition""]}, {""id"": ""e7"", ""source"": ""n6"", ""target"": ""n8"", ""relation"": ""is_a"", ""weight"": 1.0, ""evidence_refs"": [""kg-node:biology_7a_rjb_cpt111:definition""]}, {""id"": ""e8"", ""source"": ""n7"", ""target"": ""n8"", ""relation"": ""is_a"", ""weight"": 1.0, ""evidence_refs"": [""kg-node:biology_7a_rjb_cpt111:definition""]}]",,,
biology_7a_rjb_cpt112,biology,雄蕊,definition,valid,[],"[{""id"": ""n1"", ""type"": ""entity"", ""text"": ""雄蕊"", ""weight"": 1.0, ""evidence_refs"": [""kg-node:biology_7a_rjb_cpt112:definition"", ""kg-node:biology_7a_rjb_cpt112:name"", ""kg-node:biology_7a_rjb_cpt112:retrieval_text""]}, {""id"": ""n2"", ""type"": ""entity"", ""text"": ""花"", ""weight"": 1.0, ""evidence_refs"": [""kg-node:biology_7a_rjb_cpt112:definition"", ""kg-node:biology_7a_rjb_cpt112:retrieval_text""]}, {""id"": ""n3"", ""type"": ""entity"", ""text"": ""花药"", ""weight"": 1.0, ""evidence_refs"": [""kg-node:biology_7a_rjb_cpt112:definition"", ""kg-node:biology_7a_rjb_cpt112:retrieval_text""]}, {""id"": ""n4"", ""type"": ""entity"", ""text"": ""花粉"", ""weight"": 1.0, ""evidence_refs"": [""kg-node:biology_7a_rjb_cpt112:definition"", ""kg-node:biology_7a_rjb_cpt112:retrieval_text""]}]","[{""id"": ""e1"", ""source"": ""n1"", ""target"": ""n2"", ""relation"": ""part_of"", ""weight"": 1.0, ""evidence_refs"": [""kg-node:biology_7a_rjb_cpt112:definition"", ""kg-node:biology_7a_rjb_cpt112:retrieval_text""]}, {""id"": ""e2"", ""source"": ""n3"", ""target"": ""n1"", ""relation"": ""part_of"", ""weight"": 1.0, ""evidence_refs"": [""kg-node:biology_7a_rjb_cpt112:definition"", ""kg-node:biology_7a_rjb_cpt112:retrieval_text""]}, {""id"": ""e3"", ""source"": ""n4"", ""target"": ""n3"", ""relation"": ""part_of"", ""weight"": 1.0, ""evidence_refs"": [""kg-node:biology_7a_rjb_cpt112:definition"", ""kg-node:biology_7a_rjb_cpt112:retrieval_text""]}]",,,
biology_7a_rjb_cpt113,biology,雌蕊,definition,valid,[],"[{""id"": ""n1"", ""type"": ""entity"", ""text"": ""雌蕊"", ""weight"": 1.0, ""evidence_refs"": [""kg-node:biology_7a_rjb_cpt113:definition"", ""kg-node:biology_7a_rjb_cpt113:name"", ""kg-node:biology_7a_rjb_cpt113:retrieval_text""]}, {""id"": ""n2"", ""type"": ""state"", ""text"": ""花的雌性生殖结构"", ""weight"": 1.0, ""evidence_refs"": [""kg-node:biology_7a_rjb_cpt113:definition"", ""kg-node:biology_7a_rjb_cpt113:retrieval_text""]}, {""id"": ""n3"", ""type"": ""entity"", ""text"": ""子房"", ""weight"": 1.0, ""evidence_refs"": [""kg-node:biology_7a_rjb_cpt113:definition"", ""kg-node:biology_7a_rjb_cpt113:retrieval_text""]}, {""id"": ""n4"", ""type"": ""entity"", ""text"": ""胚珠"", ""weight"": 1.0, ""evidence_refs"": [""kg-node:biology_7a_rjb_cpt113:definition"", ""kg-node:biology_7a_rjb_cpt113:retrieval_text""]}, {""id"": ""n5"", ""type"": ""entity"", ""text"": ""柱头"", ""weight"": 1.0, ""evidence_refs"": [""kg-node:biology_7a_rjb_cpt113:definition"", ""kg-node:biology_7a_rjb_cpt113:retrieval_text""]}, {""id"": ""n6"", ""type"": ""process"", ""text"": ""接受花粉"", ""weight"": 1.0, ""evidence_refs"": [""kg-node:biology_7a_rjb_cpt113:definition"", ""kg-node:biology_7a_rjb_cpt113:retrieval_text""]}]","[{""id"": ""e1"", ""source"": ""n1"", ""target"": ""n2"", ""relation"": ""is_a"", ""weight"": 1.0, ""evidence_refs"": [""kg-node:biology_7a_rjb_cpt113:definition"", ""kg-node:biology_7a_rjb_cpt113:retrieval_text""]}, {""id"": ""e2"", ""source"": ""n1"", ""target"": ""n3"", ""relation"": ""part_of"", ""weight"": 1.0, ""evidence_refs"": [""kg-node:biology_7a_rjb_cpt113:definition"", ""kg-node:biology_7a_rjb_cpt113:retrieval_text""]}, {""id"": ""e3"", ""source"": ""n3"", ""target"": ""n4"", ""relation"": ""part_of"", ""weight"": 1.0, ""evidence_refs"": [""kg-node:biology_7a_rjb_cpt113:definition"", ""kg-node:biology_7a_rjb_cpt113:retrieval_text""]}, {""id"": ""e4"", ""source"": ""n1"", ""target"": ""n5"", ""relation"": ""part_of"", ""weight"": 1.0, ""evidence_refs"": [""kg-node:biology_7a_rjb_cpt113:definition"", ""kg-node:biology_7a_rjb_cpt113:retrieval_text""]}, {""id"": ""e5"", ""source"": ""n5"", ""target"": ""n6"", ""relation"": ""enables"", ""weight"": 1.0, ""evidence_refs"": [""kg-node:biology_7a_rjb_cpt113:definition"", ""kg-node:biology_7a_rjb_cpt113:retrieval_text""]}]",,,
biology_7a_rjb_cpt114,biology,传粉,process,valid,[],"[{""id"": ""n1"", ""type"": ""process"", ""text"": ""传粉"", ""weight"": 1.0, ""evidence_refs"": [""kg-node:biology_7a_rjb_cpt114:definition"", ""kg-node:biology_7a_rjb_cpt114:name"", ""kg-node:biology_7a_rjb_cpt114:retrieval_text""]}, {""id"": ""n2"", ""type"": ""process"", ""text"": ""受精"", ""weight"": 1.0, ""evidence_refs"": [""kg-edge:normalized:edge:14139""]}, {""id"": ""n3"", ""type"": ""process"", ""text"": ""异花传粉"", ""weight"": 1.0, ""evidence_refs"": [""kg-edge:normalized:edge:10779""]}, {""id"": ""n4"", ""type"": ""process"", ""text"": ""自花传粉"", ""weight"": 1.0, ""evidence_refs"": [""kg-edge:normalized:edge:10778""]}]","[{""id"": ""e1"", ""source"": ""n1"", ""target"": ""n2"", ""relation"": ""requires"", ""weight"": 1.0, ""evidence_refs"": [""kg-edge:normalized:edge:14139""]}, {""id"": ""e2"", ""source"": ""n3"", ""target"": ""n1"", ""relation"": ""is_a"", ""weight"": 1.0, ""evidence_refs"": [""kg-edge:normalized:edge:10779""]}, {""id"": ""e3"", ""source"": ""n4"", ""target"": ""n1"", ""relation"": ""is_a"", ""weight"": 1.0, ""evidence_refs"": [""kg-edge:normalized:edge:10778""]}]",,,
biology_7a_rjb_cpt115,biology,自花传粉,definition,valid,[],"[{""id"": ""n1"", ""type"": ""entity"", ""text"": ""自花传粉"", ""weight"": 1.0, ""evidence_refs"": [""kg-node:biology_7a_rjb_cpt115:name""]}, {""id"": ""n2"", ""type"": ""entity"", ""text"": ""传粉"", ""weight"": 1.0, ""evidence_refs"": [""kg-edge:normalized:edge:10778""]}, {""id"": ""n3"", ""type"": ""process"", ""text"": ""一朵花的花粉落到同一朵花柱头上"", ""weight"": 1.0, ""evidence_refs"": [""kg-node:biology_7a_rjb_cpt115:definition""]}, {""id"": ""n4"", ""type"": ""evidence"", ""text"": ""小麦、水稻、豌豆可自花传粉"", ""weight"": 1.0, ""evidence_refs"": [""kg-node:biology_7a_rjb_cpt115:examples""]}]","[{""id"": ""e1"", ""source"": ""n1"", ""target"": ""n2"", ""relation"": ""is_a"", ""weight"": 1.0, ""evidence_refs"": [""kg-edge:normalized:edge:10778""]}, {""id"": ""e2"", ""source"": ""n3"", ""target"": ""n1"", ""relation"": ""relates_to"", ""weight"": 1.0, ""evidence_refs"": [""kg-node:biology_7a_rjb_cpt115:definition""]}, {""id"": ""e3"", ""source"": ""n4"", ""target"": ""n1"", ""relation"": ""verifies"", ""weight"": 1.0, ""evidence_refs"": [""kg-node:biology_7a_rjb_cpt115:examples""]}]",,,
biology_7a_rjb_cpt116,biology,异花传粉,process,valid,[],"[{""id"": ""n1"", ""type"": ""process"", ""text"": ""异花传粉"", ""weight"": 1.0, ""evidence_refs"": [""kg-node:biology_7a_rjb_cpt116:name""]}, {""id"": ""n2"", ""type"": ""process"", ""text"": ""传粉"", ""weight"": 1.0, ""evidence_refs"": [""kg-edge:normalized:edge:10779""]}, {""id"": ""n3"", ""type"": ""condition"", ""text"": ""外力作用"", ""weight"": 1.0, ""evidence_refs"": [""kg-node:biology_7a_rjb_cpt116:definition""]}, {""id"": ""n4"", ""type"": ""entity"", ""text"": ""媒介（风或昆虫）"", ""weight"": 1.0, ""evidence_refs"": [""kg-node:biology_7a_rjb_cpt116:definition""]}, {""id"": ""n5"", ""type"": ""outcome"", ""text"": ""花粉落到另一朵花柱头上"", ""weight"": 1.0, ""evidence_refs"": [""kg-node:biology_7a_rjb_cpt116:definition""]}]","[{""id"": ""e1"", ""source"": ""n1"", ""target"": ""n2"", ""relation"": ""is_a"", ""weight"": 1.0, ""evidence_refs"": [""kg-edge:normalized:edge:10779""]}, {""id"": ""e2"", ""source"": ""n3"", ""target"": ""n1"", ""relation"": ""requires"", ""weight"": 1.0, ""evidence_refs"": [""kg-node:biology_7a_rjb_cpt116:definition""]}, {""id"": ""e3"", ""source"": ""n4"", ""target"": ""n1"", ""relation"": ""requires"", ""weight"": 1.0, ""evidence_refs"": [""kg-node:biology_7a_rjb_cpt116:definition""]}, {""id"": ""e4"", ""source"": ""n1"", ""target"": ""n5"", ""relation"": ""produces"", ""weight"": 1.0, ""evidence_refs"": [""kg-node:biology_7a_rjb_cpt116:definition""]}]",,,
chemistry_9a_rjb_cpt1,chemistry,物质,entity,valid,[],"[{""id"": ""n1"", ""type"": ""entity"", ""text"": ""物质"", ""weight"": 1.0, ""evidence_refs"": [""kg-node:chemistry_9a_rjb_cpt1:definition"", ""kg-node:chemistry_9a_rjb_cpt1:name""]}, {""id"": ""n2"", ""type"": ""entity"", ""text"": ""物质的变化"", ""weight"": 1.0, ""evidence_refs"": [""kg-edge:normalized:edge:14991""]}]","[{""id"": ""e1"", ""source"": ""n1"", ""target"": ""n2"", ""relation"": ""requires"", ""weight"": 1.0, ""evidence_refs"": [""kg-edge:normalized:edge:14991""]}]",,,
chemistry_9a_rjb_cpt10,chemistry,沸点,entity,valid,[],"[{""id"": ""n1"", ""type"": ""entity"", ""text"": ""沸点"", ""weight"": 1.0, ""evidence_refs"": [""kg-node:chemistry_9a_rjb_cpt10:definition"", ""kg-node:chemistry_9a_rjb_cpt10:examples"", ""kg-node:chemistry_9a_rjb_cpt10:importance"", ""kg-node:chemistry_9a_rjb_cpt10:name"", ""kg-node:chemistry_9a_rjb_cpt10:retrieval_text"", ""kg-node:chemistry_9a_rjb_cpt10:unit""]}, {""id"": ""n2"", ""type"": ""condition"", ""text"": ""大气压强"", ""weight"": 1.0, ""evidence_refs"": [""kg-edge:normalized:edge:14999"", ""kg-edge:normalized:edge:18222""]}, {""id"": ""n3"", ""type"": ""condition"", ""text"": ""条件对物质性质的影响"", ""weight"": 1.0, ""evidence_refs"": [""kg-edge:normalized:edge:15075""]}, {""id"": ""n4"", ""type"": ""entity"", ""text"": ""水的熔点和沸点"", ""weight"": 1.0, ""evidence_refs"": [""kg-edge:normalized:edge:14992""]}, {""id"": ""n5"", ""type"": ""entity"", ""text"": ""铁的熔点和沸点"", ""weight"": 1.0, ""evidence_refs"": [""kg-edge:normalized:edge:14993""]}, {""id"": ""n6"", ""type"": ""entity"", ""text"": ""铝的熔点和沸点"", ""weight"": 1.0, ""evidence_refs"": [""kg-edge:normalized:edge:14994""]}, {""id"": ""n7"", ""type"": ""entity"", ""text"": ""氧气的熔点和沸点"", ""weight"": 1.0, ""evidence_refs"": [""kg-edge:normalized:edge:14995""]}]","[{""id"": ""e1"", ""source"": ""n2"", ""target"": ""n1"", ""relation"": ""relates_to"", ""weight"": 1.0, ""evidence_refs"": [""kg-edge:normalized:edge:18222""]}, {""id"": ""e2"", ""source"": ""n2"", ""target"": ""n1"", ""relation"": ""relates_to"", ""weight"": 1.0, ""evidence_refs"": [""kg-edge:normalized:edge:14999""]}, {""id"": ""e3"", ""source"": ""n3"", ""target"": ""n1"", ""relation"": ""relates_to"", ""weight"": 1.0, ""evidence_refs"": [""kg-edge:normalized:edge:15075""]}, {""id"": ""e4"", ""source"": ""n1"", ""target"": ""n4"", ""relation"": ""relates_to"", ""weight"": 1.0, ""evidence_refs"": [""kg-edge:normalized:edge:14992""]}, {""id"": ""e5"", ""source"": ""n1"", ""target"": ""n5"", ""relation"": ""relates_to"", ""weight"": 1.0, ""evidence_refs"": [""kg-edge:normalized:edge:14993""]}, {""id"": ""e6"", ""source"": ""n1"", ""target"": ""n6"", ""relation"": ""relates_to"", ""weight"": 1.0, ""evidence_refs"": [""kg-edge:normalized:edge:14994""]}, {""id"": ""e7"", ""source"": ""n1"", ""target"": ""n7"", ""relation"": ""relates_to"", ""weight"": 1.0, ""evidence_refs"": [""kg-edge:normalized:edge:14995""]}]",,,
chemistry_9a_rjb_cpt100,chemistry,缓慢氧化,process,valid,[],"[{""id"": ""n1"", ""type"": ""process"", ""text"": ""缓慢氧化"", ""weight"": 1.0, ""evidence_refs"": [""kg-node:chemistry_9a_rjb_cpt100:definition"", ""kg-node:chemistry_9a_rjb_cpt100:name""]}, {""id"": ""n2"", ""type"": ""process"", ""text"": ""氧化反应"", ""weight"": 1.0, ""evidence_refs"": [""kg-edge:normalized:edge:15248"", ""kg-edge:normalized:edge:18426""]}, {""id"": ""n3"", ""type"": ""process"", ""text"": ""呼吸与氧气"", ""weight"": 0.9, ""evidence_refs"": [""kg-edge:normalized:edge:18223""]}, {""id"": ""n4"", ""type"": ""process"", ""text"": ""燃烧"", ""weight"": 0.9, ""evidence_refs"": [""kg-edge:normalized:edge:18429""]}, {""id"": ""n5"", ""type"": ""state"", ""text"": ""进行得很慢、甚至不容易被察觉的氧化反应，仍属于氧化反应但没有显著的发光发热现象"", ""weight"": 1.0, ""evidence_refs"": [""kg-node:chemistry_9a_rjb_cpt100:definition""]}, {""id"": ""n6"", ""type"": ""evidence"", ""text"": ""动植物的呼吸、食物的腐烂、醋的酿造、农家肥料的腐熟"", ""weight"": 1.0, ""evidence_refs"": [""kg-node:chemistry_9a_rjb_cpt100:examples""]}]","[{""id"": ""e1"", ""source"": ""n2"", ""target"": ""n1"", ""relation"": ""is_a"", ""weight"": 1.0, ""evidence_refs"": [""kg-edge:normalized:edge:15248"", ""kg-edge:normalized:edge:18426""]}, {""id"": ""e2"", ""source"": ""n1"", ""target"": ""n5"", ""relation"": ""relates_to"", ""weight"": 1.0, ""evidence_refs"": [""kg-node:chemistry_9a_rjb_cpt100:definition""]}, {""id"": ""e3"", ""source"": ""n1"", ""target"": ""n6"", ""relation"": ""relates_to"", ""weight"": 1.0, ""evidence_refs"": [""kg-node:chemistry_9a_rjb_cpt100:examples""]}, {""id"": ""e4"", ""source"": ""n3"", ""target"": ""n1"", ""relation"": ""relates_to"", ""weight"": 0.9, ""evidence_refs"": [""kg-edge:normalized:edge:18223""]}, {""id"": ""e5"", ""source"": ""n4"", ""target"": ""n1"", ""relation"": ""relates_to"", ""weight"": 0.9, ""evidence_refs"": [""kg-edge:normalized:edge:18429""]}]",,,
chemistry_9a_rjb_cpt101,chemistry,氧气的检验方法,mechanism,valid,[],"[{""id"": ""n1"", ""type"": ""condition"", ""text"": ""用带有火星的木条伸入气体中"", ""weight"": 1.0, ""evidence_refs"": [""kg-node:chemistry_9a_rjb_cpt101:definition""]}, {""id"": ""n2"", ""type"": ""outcome"", ""text"": ""木条复燃"", ""weight"": 1.0, ""evidence_refs"": [""kg-node:chemistry_9a_rjb_cpt101:definition""]}, {""id"": ""n3"", ""type"": ""entity"", ""text"": ""氧气"", ""weight"": 1.0, ""evidence_refs"": [""kg-node:chemistry_9a_rjb_cpt101:definition""]}, {""id"": ""n4"", ""type"": ""process"", ""text"": ""实验2-2 带火星木条在氧气中的复燃"", ""weight"": 0.95, ""evidence_refs"": [""kg-edge:normalized:edge:22566""]}, {""id"": ""n5"", ""type"": ""condition"", ""text"": ""支持燃烧"", ""weight"": 1.35, ""evidence_refs"": [""kg-edge:normalized:edge:15246""]}]","[{""id"": ""e1"", ""source"": ""n1"", ""target"": ""n2"", ""relation"": ""causes"", ""weight"": 1.0, ""evidence_refs"": [""kg-node:chemistry_9a_rjb_cpt101:definition""]}, {""id"": ""e2"", ""source"": ""n2"", ""target"": ""n3"", ""relation"": ""verifies"", ""weight"": 1.0, ""evidence_refs"": [""kg-node:chemistry_9a_rjb_cpt101:definition""]}, {""id"": ""e3"", ""source"": ""n4"", ""target"": ""n3"", ""relation"": ""verifies"", ""weight"": 0.95, ""evidence_refs"": [""kg-edge:normalized:edge:22566""]}, {""id"": ""e4"", ""source"": ""n5"", ""target"": ""n3"", ""relation"": ""relates_to"", ""weight"": 1.35, ""evidence_refs"": [""kg-edge:normalized:edge:15246""]}]",,,
chemistry_9a_rjb_cpt102,chemistry,呼吸与氧气,process,valid,[],"[{""id"": ""n1"", ""type"": ""process"", ""text"": ""人体和其他动植物的呼吸属于缓慢氧化，需要消耗氧气"", ""weight"": 1.0, ""evidence_refs"": [""kg-node:chemistry_9a_rjb_cpt102:definition""]}, {""id"": ""n2"", ""type"": ""condition"", ""text"": ""环境中氧气含量偏低"", ""weight"": 1.0, ""evidence_refs"": [""kg-node:chemistry_9a_rjb_cpt102:definition""]}, {""id"": ""n3"", ""type"": ""process"", ""text"": ""吸氧可以给人体呼吸提供适量的氧气"", ""weight"": 1.0, ""evidence_refs"": [""kg-node:chemistry_9a_rjb_cpt102:definition""]}, {""id"": ""n4"", ""type"": ""outcome"", ""text"": ""缓解高原反应等症状"", ""weight"": 1.0, ""evidence_refs"": [""kg-node:chemistry_9a_rjb_cpt102:definition""]}, {""id"": ""n5"", ""type"": ""entity"", ""text"": ""缓慢氧化"", ""weight"": 1.0, ""evidence_refs"": [""kg-edge:normalized:edge:18223""]}, {""id"": ""n6"", ""type"": ""entity"", ""text"": ""氧气的物理性质"", ""weight"": 1.0, ""evidence_refs"": [""kg-edge:normalized:edge:18224""]}]","[{""id"": ""e1"", ""source"": ""n1"", ""target"": ""n5"", ""relation"": ""is_a"", ""weight"": 1.0, ""evidence_refs"": [""kg-edge:normalized:edge:18223""]}, {""id"": ""e2"", ""source"": ""n1"", ""target"": ""n6"", ""relation"": ""relates_to"", ""weight"": 1.0, ""evidence_refs"": [""kg-edge:normalized:edge:18224""]}, {""id"": ""e3"", ""source"": ""n2"", ""target"": ""n3"", ""relation"": ""enables"", ""weight"": 1.0, ""evidence_refs"": [""kg-node:chemistry_9a_rjb_cpt102:definition""]}, {""id"": ""e4"", ""source"": ""n3"", ""target"": ""n4"", ""relation"": ""causes"", ""weight"": 1.0, ""evidence_refs"": [""kg-node:chemistry_9a_rjb_cpt102:definition""]}, {""id"": ""e5"", ""source"": ""n1"", ""target"": ""n2"", ""relation"": ""requires"", ""weight"": 1.0, ""evidence_refs"": [""kg-node:chemistry_9a_rjb_cpt102:definition""]}]",,,
chemistry_9a_rjb_cpt103,chemistry,实验室制取氧气的方法,process,valid,[],"[{""id"": ""n1"", ""type"": ""process"", ""text"": ""实验室制取氧气的方法"", ""weight"": 1.0, ""evidence_refs"": [""kg-node:chemistry_9a_rjb_cpt103:definition"", ""kg-node:chemistry_9a_rjb_cpt103:name""]}, {""id"": ""n2"", ""type"": ""process"", ""text"": ""加热高锰酸钾制取氧气"", ""weight"": 1.0, ""evidence_refs"": [""kg-edge:normalized:edge:11276""]}, {""id"": ""n3"", ""type"": ""process"", ""text"": ""分解过氧化氢制取氧气"", ""weight"": 1.0, ""evidence_refs"": [""kg-edge:normalized:edge:11278""]}, {""id"": ""n4"", ""type"": ""process"", ""text"": ""加热氯酸钾制取氧气"", ""weight"": 1.0, ""evidence_refs"": [""kg-edge:normalized:edge:11280""]}, {""id"": ""n5"", ""type"": ""condition"", ""text"": ""分解反应"", ""weight"": 1.0, ""evidence_refs"": [""kg-edge:normalized:edge:14997""]}, {""id"": ""n6"", ""type"": ""entity"", ""text"": ""氧气"", ""weight"": 1.0, ""evidence_refs"": [""kg-edge:normalized:edge:15223""]}, {""id"": ""n7"", ""type"": ""outcome"", ""text"": ""氧气的收集方法"", ""weight"": 1.0, ""evidence_refs"": [""kg-edge:normalized:edge:14996""]}, {""id"": ""n8"", ""type"": ""evidence"", ""text"": ""实验2-5 加热高锰酸钾制取氧气"", ""weight"": 1.0, ""evidence_refs"": [""kg-edge:normalized:edge:22572""]}]","[{""id"": ""e1"", ""source"": ""n2"", ""target"": ""n1"", ""relation"": ""is_a"", ""weight"": 1.0, ""evidence_refs"": [""kg-edge:normalized:edge:11276""]}, {""id"": ""e2"", ""source"": ""n3"", ""target"": ""n1"", ""relation"": ""is_a"", ""weight"": 1.0, ""evidence_refs"": [""kg-edge:normalized:edge:11278""]}, {""id"": ""e3"", ""source"": ""n4"", ""target"": ""n1"", ""relation"": ""is_a"", ""weight"": 1.0, ""evidence_refs"": [""kg-edge:normalized:edge:11280""]}, {""id"": ""e4"", ""source"": ""n5"", ""target"": ""n1"", ""relation"": ""enables"", ""weight"": 1.0, ""evidence_refs"": [""kg-edge:normalized:edge:14997""]}, {""id"": ""e5"", ""source"": ""n6"", ""target"": ""n1"", ""relation"": ""enables"", ""weight"": 1.0, ""evidence_refs"": [""kg-edge:normalized:edge:15223""]}, {""id"": ""e6"", ""source"": ""n1"", ""target"": ""n7"", ""relation"": ""enables"", ""weight"": 1.0, ""evidence_refs"": [""kg-edge:normalized:edge:14996""]}, {""id"": ""e7"", ""source"": ""n8"", ""target"": ""n1"", ""relation"": ""verifies"", ""weight"": 1.0, ""evidence_refs"": [""kg-edge:normalized:edge:22572""]}]",,,
chemistry_9a_rjb_cpt104,chemistry,加热高锰酸钾制取氧气,process,valid,[],"[{""id"": ""n1"", ""type"": ""process"", ""text"": ""加热高锰酸钾制取氧气"", ""weight"": 1.0, ""evidence_refs"": [""kg-node:chemistry_9a_rjb_cpt104:definition"", ""kg-node:chemistry_9a_rjb_cpt104:retrieval_text""]}, {""id"": ""n2"", ""type"": ""process"", ""text"": ""实验室制取氧气的方法"", ""weight"": 1.0, ""evidence_refs"": [""kg-edge:normalized:edge:11276""]}]","[{""id"": ""e1"", ""source"": ""n1"", ""target"": ""n2"", ""relation"": ""is_a"", ""weight"": 1.0, ""evidence_refs"": [""kg-edge:normalized:edge:11276""]}]",,,
chemistry_9a_rjb_cpt105,chemistry,高锰酸钾受热分解反应,process,valid,[],"[{""id"": ""n1"", ""type"": ""condition"", ""text"": ""受热"", ""weight"": 1.0, ""evidence_refs"": [""kg-node:chemistry_9a_rjb_cpt105:definition"", ""kg-node:chemistry_9a_rjb_cpt105:retrieval_text""]}, {""id"": ""n2"", ""type"": ""entity"", ""text"": ""高锰酸钾"", ""weight"": 1.0, ""evidence_refs"": [""kg-node:chemistry_9a_rjb_cpt105:definition"", ""kg-node:chemistry_9a_rjb_cpt105:retrieval_text""]}, {""id"": ""n3"", ""type"": ""process"", ""text"": ""高锰酸钾受热分解反应"", ""weight"": 1.0, ""evidence_refs"": [""kg-node:chemistry_9a_rjb_cpt105:definition"", ""kg-node:chemistry_9a_rjb_cpt105:retrieval_text""]}, {""id"": ""n4"", ""type"": ""outcome"", ""text"": ""二氧化锰"", ""weight"": 1.0, ""evidence_refs"": [""kg-node:chemistry_9a_rjb_cpt105:definition"", ""kg-node:chemistry_9a_rjb_cpt105:formula"", ""kg-node:chemistry_9a_rjb_cpt105:retrieval_text""]}, {""id"": ""n5"", ""type"": ""outcome"", ""text"": ""锰酸钾"", ""weight"": 1.0, ""evidence_refs"": [""kg-node:chemistry_9a_rjb_cpt105:definition"", ""kg-node:chemistry_9a_rjb_cpt105:formula"", ""kg-node:chemistry_9a_rjb_cpt105:retrieval_text""]}, {""id"": ""n6"", ""type"": ""outcome"", ""text"": ""氧气"", ""weight"": 1.0, ""evidence_refs"": [""kg-node:chemistry_9a_rjb_cpt105:definition"", ""kg-node:chemistry_9a_rjb_cpt105:formula"", ""kg-node:chemistry_9a_rjb_cpt105:retrieval_text""]}, {""id"": ""n7"", ""type"": ""rule"", ""text"": ""分解反应"", ""weight"": 1.0, ""evidence_refs"": [""kg-edge:normalized:edge:11277""]}, {""id"": ""n8"", ""type"": ""evidence"", ""text"": ""实验2-5 加热高锰酸钾制取氧气"", ""weight"": 1.0, ""evidence_refs"": [""kg-edge:normalized:edge:22573""]}]","[{""id"": ""e1"", ""source"": ""n1"", ""target"": ""n3"", ""relation"": ""enables"", ""weight"": 1.0, ""evidence_refs"": [""kg-node:chemistry_9a_rjb_cpt105:definition"", ""kg-node:chemistry_9a_rjb_cpt105:retrieval_text""]}, {""id"": ""e2"", ""source"": ""n2"", ""target"": ""n3"", ""relation"": ""part_of"", ""weight"": 1.0, ""evidence_refs"": [""kg-node:chemistry_9a_rjb_cpt105:definition"", ""kg-node:chemistry_9a_rjb_cpt105:retrieval_text""]}, {""id"": ""e3"", ""source"": ""n3"", ""target"": ""n4"", ""relation"": ""produces"", ""weight"": 1.0, ""evidence_refs"": [""kg-node:chemistry_9a_rjb_cpt105:definition"", ""kg-node:chemistry_9a_rjb_cpt105:formula"", ""kg-node:chemistry_9a_rjb_cpt105:retrieval_text""]}, {""id"": ""e4"", ""source"": ""n3"", ""target"": ""n5"", ""relation"": ""produces"", ""weight"": 1.0, ""evidence_refs"": [""kg-node:chemistry_9a_rjb_cpt105:definition"", ""kg-node:chemistry_9a_rjb_cpt105:formula"", ""kg-node:chemistry_9a_rjb_cpt105:retrieval_text""]}, {""id"": ""e5"", ""source"": ""n3"", ""target"": ""n6"", ""relation"": ""produces"", ""weight"": 1.0, ""evidence_refs"": [""kg-node:chemistry_9a_rjb_cpt105:definition"", ""kg-node:chemistry_9a_rjb_cpt105:formula"", ""kg-node:chemistry_9a_rjb_cpt105:retrieval_text""]}, {""id"": ""e6"", ""source"": ""n3"", ""target"": ""n7"", ""relation"": ""is_a"", ""weight"": 1.0, ""evidence_refs"": [""kg-edge:normalized:edge:11277""]}, {""id"": ""e7"", ""source"": ""n8"", ""target"": ""n3"", ""relation"": ""verifies"", ""weight"": 1.0, ""evidence_refs"": [""kg-edge:normalized:edge:22573""]}]",,,
chemistry_9a_rjb_cpt106,chemistry,分解过氧化氢制取氧气,process,valid,[],"[{""id"": ""n1"", ""type"": ""process"", ""text"": ""分解过氧化氢制取氧气"", ""weight"": 1.0, ""evidence_refs"": [""kg-node:chemistry_9a_rjb_cpt106:definition"", ""kg-node:chemistry_9a_rjb_cpt106:name""]}, {""id"": ""n2"", ""type"": ""entity"", ""text"": ""过氧化氢溶液"", ""weight"": 1.0, ""evidence_refs"": [""kg-node:chemistry_9a_rjb_cpt106:definition"", ""kg-node:chemistry_9a_rjb_cpt106:formula""]}, {""id"": ""n3"", ""type"": ""entity"", ""text"": ""二氧化锰"", ""weight"": 1.0, ""evidence_refs"": [""kg-node:chemistry_9a_rjb_cpt106:definition"", ""kg-node:chemistry_9a_rjb_cpt106:formula""]}, {""id"": ""n4"", ""type"": ""entity"", ""text"": ""水"", ""weight"": 1.0, ""evidence_refs"": [""kg-node:chemistry_9a_rjb_cpt106:formula""]}, {""id"": ""n5"", ""type"": ""outcome"", ""text"": ""氧气"", ""weight"": 1.0, ""evidence_refs"": [""kg-node:chemistry_9a_rjb_cpt106:definition"", ""kg-node:chemistry_9a_rjb_cpt106:formula""]}, {""id"": ""n6"", ""type"": ""condition"", ""text"": ""加入少量二氧化锰以加速分解"", ""weight"": 1.0, ""evidence_refs"": [""kg-node:chemistry_9a_rjb_cpt106:definition""]}, {""id"": ""n7"", ""type"": ""process"", ""text"": ""实验室制取氧气的方法"", ""weight"": 1.0, ""evidence_refs"": [""kg-edge:normalized:edge:11278""]}]","[{""id"": ""e1"", ""source"": ""n1"", ""target"": ""n7"", ""relation"": ""is_a"", ""weight"": 1.0, ""evidence_refs"": [""kg-edge:normalized:edge:11278""]}, {""id"": ""e2"", ""source"": ""n1"", ""target"": ""n2"", ""relation"": ""requires"", ""weight"": 1.0, ""evidence_refs"": [""kg-node:chemistry_9a_rjb_cpt106:definition"", ""kg-node:chemistry_9a_rjb_cpt106:formula""]}, {""id"": ""e3"", ""source"": ""n1"", ""target"": ""n6"", ""relation"": ""requires"", ""weight"": 1.0, ""evidence_refs"": [""kg-node:chemistry_9a_rjb_cpt106:definition""]}, {""id"": ""e4"", ""source"": ""n6"", ""target"": ""n3"", ""relation"": ""relates_to"", ""weight"": 1.0, ""evidence_refs"": [""kg-node:chemistry_9a_rjb_cpt106:definition""]}, {""id"": ""e5"", ""source"": ""n1"", ""target"": ""n4"", ""relation"": ""produces"", ""weight"": 1.0, ""evidence_refs"": [""kg-node:chemistry_9a_rjb_cpt106:formula""]}, {""id"": ""e6"", ""source"": ""n1"", ""target"": ""n5"", ""relation"": ""produces"", ""weight"": 1.0, ""evidence_refs"": [""kg-node:chemistry_9a_rjb_cpt106:definition"", ""kg-node:chemistry_9a_rjb_cpt106:formula""]}]",,,
chemistry_9a_rjb_cpt107,chemistry,过氧化氢分解反应,process,valid,[],"[{""id"": ""n1"", ""type"": ""process"", ""text"": ""过氧化氢分解反应"", ""weight"": 1.0, ""evidence_refs"": [""kg-node:chemistry_9a_rjb_cpt107:definition"", ""kg-node:chemistry_9a_rjb_cpt107:name""]}, {""id"": ""n2"", ""type"": ""condition"", ""text"": ""常温"", ""weight"": 1.0, ""evidence_refs"": [""kg-node:chemistry_9a_rjb_cpt107:definition""]}, {""id"": ""n3"", ""type"": ""condition"", ""text"": ""加入催化剂如二氧化锰"", ""weight"": 1.0, ""evidence_refs"": [""kg-node:chemistry_9a_rjb_cpt107:definition""]}, {""id"": ""n4"", ""type"": ""outcome"", ""text"": ""生成水和氧气"", ""weight"": 1.0, ""evidence_refs"": [""kg-node:chemistry_9a_rjb_cpt107:definition"", ""kg-node:chemistry_9a_rjb_cpt107:formula""]}, {""id"": ""n5"", ""type"": ""state"", ""text"": ""分解速率显著加快"", ""weight"": 1.0, ""evidence_refs"": [""kg-node:chemistry_9a_rjb_cpt107:definition""]}, {""id"": ""n6"", ""type"": ""entity"", ""text"": ""分解反应"", ""weight"": 1.0, ""evidence_refs"": [""kg-edge:normalized:edge:11279""]}, {""id"": ""n7"", ""type"": ""evidence"", ""text"": ""过氧化氢分解实验中二氧化锰的作用"", ""weight"": 1.0, ""evidence_refs"": [""kg-edge:normalized:edge:22574""]}]","[{""id"": ""e1"", ""source"": ""n1"", ""target"": ""n6"", ""relation"": ""is_a"", ""weight"": 1.2, ""evidence_refs"": [""kg-edge:normalized:edge:11279""]}, {""id"": ""e2"", ""source"": ""n7"", ""target"": ""n1"", ""relation"": ""verifies"", ""weight"": 0.95, ""evidence_refs"": [""kg-edge:normalized:edge:22574""]}, {""id"": ""e3"", ""source"": ""n2"", ""target"": ""n1"", ""relation"": ""enables"", ""weight"": 1.0, ""evidence_refs"": [""kg-node:chemistry_9a_rjb_cpt107:definition""]}, {""id"": ""e4"", ""source"": ""n3"", ""target"": ""n1"", ""relation"": ""enables"", ""weight"": 1.0, ""evidence_refs"": [""kg-node:chemistry_9a_rjb_cpt107:definition""]}, {""id"": ""e5"", ""source"": ""n1"", ""target"": ""n4"", ""relation"": ""produces"", ""weight"": 1.0, ""evidence_refs"": [""kg-node:chemistry_9a_rjb_cpt107:definition"", ""kg-node:chemistry_9a_rjb_cpt107:formula""]}, {""id"": ""e6"", ""source"": ""n3"", ""target"": ""n5"", ""relation"": ""causes"", ""weight"": 1.0, ""evidence_refs"": [""kg-node:chemistry_9a_rjb_cpt107:definition""]}]",,,
chemistry_9a_rjb_cpt108,chemistry,加热氯酸钾制取氧气,process,valid,[],"[{""id"": ""n1"", ""type"": ""process"", ""text"": ""加热氯酸钾制取氧气"", ""weight"": 1.0, ""evidence_refs"": [""kg-node:chemistry_9a_rjb_cpt108:definition"", ""kg-node:chemistry_9a_rjb_cpt108:name""]}, {""id"": ""n2"", ""type"": ""condition"", ""text"": ""混有二氧化锰的氯酸钾固体中加热"", ""weight"": 1.0, ""evidence_refs"": [""kg-node:chemistry_9a_rjb_cpt108:definition""]}, {""id"": ""n3"", ""type"": ""entity"", ""text"": ""氯酸钾"", ""weight"": 1.0, ""evidence_refs"": [""kg-node:chemistry_9a_rjb_cpt108:definition"", ""kg-node:chemistry_9a_rjb_cpt108:formula""]}, {""id"": ""n4"", ""type"": ""entity"", ""text"": ""二氧化锰"", ""weight"": 1.0, ""evidence_refs"": [""kg-node:chemistry_9a_rjb_cpt108:definition""]}, {""id"": ""n5"", ""type"": ""outcome"", ""text"": ""氯化钾和氧气"", ""weight"": 1.0, ""evidence_refs"": [""kg-node:chemistry_9a_rjb_cpt108:definition"", ""kg-node:chemistry_9a_rjb_cpt108:formula""]}, {""id"": ""n6"", ""type"": ""rule"", ""text"": ""分解反应"", ""weight"": 1.0, ""evidence_refs"": [""kg-edge:normalized:edge:11281""]}, {""id"": ""n7"", ""type"": ""process"", ""text"": ""实验室制取氧气的方法"", ""weight"": 1.0, ""evidence_refs"": [""kg-edge:normalized:edge:11280""]}, {""id"": ""n8"", ""type"": ""evidence"", ""text"": ""加热混有二氧化锰的氯酸钾固体制取氧气"", ""weight"": 0.95, ""evidence_refs"": [""kg-edge:normalized:edge:22576""]}]","[{""id"": ""e1"", ""source"": ""n2"", ""target"": ""n1"", ""relation"": ""enables"", ""weight"": 1.0, ""evidence_refs"": [""kg-node:chemistry_9a_rjb_cpt108:definition""]}, {""id"": ""e2"", ""source"": ""n3"", ""target"": ""n1"", ""relation"": ""part_of"", ""weight"": 1.0, ""evidence_refs"": [""kg-node:chemistry_9a_rjb_cpt108:definition""]}, {""id"": ""e3"", ""source"": ""n4"", ""target"": ""n1"", ""relation"": ""part_of"", ""weight"": 1.0, ""evidence_refs"": [""kg-node:chemistry_9a_rjb_cpt108:definition""]}, {""id"": ""e4"", ""source"": ""n1"", ""target"": ""n5"", ""relation"": ""produces"", ""weight"": 1.0, ""evidence_refs"": [""kg-node:chemistry_9a_rjb_cpt108:definition"", ""kg-node:chemistry_9a_rjb_cpt108:formula""]}, {""id"": ""e5"", ""source"": ""n1"", ""target"": ""n6"", ""relation"": ""is_a"", ""weight"": 1.2, ""evidence_refs"": [""kg-edge:normalized:edge:11281""]}, {""id"": ""e6"", ""source"": ""n1"", ""target"": ""n7"", ""relation"": ""is_a"", ""weight"": 1.2, ""evidence_refs"": [""kg-edge:normalized:edge:11280""]}, {""id"": ""e7"", ""source"": ""n8"", ""target"": ""n1"", ""relation"": ""verifies"", ""weight"": 0.95, ""evidence_refs"": [""kg-edge:normalized:edge:22576""]}]",,,
chemistry_9a_rjb_cpt109,chemistry,分解反应,process,valid,[],"[{""id"": ""n1"", ""type"": ""process"", ""text"": ""分解反应：一种物质在一定条件下生成两种或两种以上其他物质的化学反应。"", ""weight"": 1.0, ""evidence_refs"": [""kg-node:chemistry_9a_rjb_cpt109:definition"", ""kg-node:chemistry_9a_rjb_cpt109:formula""]}, {""id"": ""n2"", ""type"": ""condition"", ""text"": ""一定条件（如加热、电解等）"", ""weight"": 1.0, ""evidence_refs"": [""kg-node:chemistry_9a_rjb_cpt109:definition"", ""kg-node:chemistry_9a_rjb_cpt109:examples""]}, {""id"": ""n3"", ""type"": ""entity"", ""text"": ""反应物（一种物质）"", ""weight"": 1.0, ""evidence_refs"": [""kg-node:chemistry_9a_rjb_cpt109:definition""]}, {""id"": ""n4"", ""type"": ""outcome"", ""text"": ""生成两种或两种以上其他物质"", ""weight"": 1.0, ""evidence_refs"": [""kg-node:chemistry_9a_rjb_cpt109:definition""]}, {""id"": ""n5"", ""type"": ""process"", ""text"": ""高锰酸钾受热分解反应、过氧化氢分解反应、加热氯酸钾制取氧气、水的分解反应"", ""weight"": 1.0, ""evidence_refs"": [""kg-edge:normalized:edge:11277"", ""kg-edge:normalized:edge:11279"", ""kg-edge:normalized:edge:11281"", ""kg-edge:normalized:edge:14998""]}, {""id"": ""n6"", ""type"": ""process"", ""text"": ""化合反应"", ""weight"": 0.9, ""evidence_refs"": [""kg-edge:normalized:edge:18225""]}, {""id"": ""n7"", ""type"": ""condition"", ""text"": ""化学学习中的分类思想、用分类方法学习化学"", ""weight"": 1.0, ""evidence_refs"": [""kg-edge:normalized:edge:15003"", ""kg-edge:normalized:edge:15263""]}, {""id"": ""n8"", ""type"": ""process"", ""text"": ""实验室制取氧气的方法"", ""weight"": 1.0, ""evidence_refs"": [""kg-edge:normalized:edge:14997""]}]","[{""id"": ""e1"", ""source"": ""n2"", ""target"": ""n1"", ""relation"": ""requires"", ""weight"": 1.0, ""evidence_refs"": [""kg-node:chemistry_9a_rjb_cpt109:definition""]}, {""id"": ""e2"", ""source"": ""n3"", ""target"": ""n1"", ""relation"": ""part_of"", ""weight"": 1.0, ""evidence_refs"": [""kg-node:chemistry_9a_rjb_cpt109:definition""]}, {""id"": ""e3"", ""source"": ""n1"", ""target"": ""n4"", ""relation"": ""produces"", ""weight"": 1.0, ""evidence_refs"": [""kg-node:chemistry_9a_rjb_cpt109:definition""]}, {""id"": ""e4"", ""source"": ""n5"", ""target"": ""n1"", ""relation"": ""is_a"", ""weight"": 1.0, ""evidence_refs"": [""kg-edge:normalized:edge:11277"", ""kg-edge:normalized:edge:11279"", ""kg-edge:normalized:edge:11281"", ""kg-edge:normalized:edge:14998""]}, {""id"": ""e5"", ""source"": ""n1"", ""target"": ""n6"", ""relation"": ""relates_to"", ""weight"": 0.9, ""evidence_refs"": [""kg-edge:normalized:edge:18225""]}, {""id"": ""e6"", ""source"": ""n7"", ""target"": ""n1"", ""relation"": ""enables"", ""weight"": 1.0, ""evidence_refs"": [""kg-edge:normalized:edge:15003"", ""kg-edge:normalized:edge:15263""]}, {""id"": ""e7"", ""source"": ""n1"", ""target"": ""n8"", ""relation"": ""enables"", ""weight"": 1.0, ""evidence_refs"": [""kg-edge:normalized:edge:14997""]}]",,,
chemistry_9a_rjb_cpt11,chemistry,大气压强,mechanism,valid,[],"[{""id"": ""n1"", ""type"": ""entity"", ""text"": ""大气压强"", ""weight"": 1.0, ""evidence_refs"": [""kg-node:chemistry_9a_rjb_cpt11:definition"", ""kg-node:chemistry_9a_rjb_cpt11:retrieval_text""]}, {""id"": ""n2"", ""type"": ""entity"", ""text"": ""沸点"", ""weight"": 1.0, ""evidence_refs"": [""kg-edge:normalized:edge:14999"", ""kg-edge:normalized:edge:18222""]}, {""id"": ""n3"", ""type"": ""state"", ""text"": ""标准大气压强为101 kPa"", ""weight"": 1.0, ""evidence_refs"": [""kg-node:chemistry_9a_rjb_cpt11:examples"", ""kg-node:chemistry_9a_rjb_cpt11:definition""]}]","[{""id"": ""e1"", ""source"": ""n1"", ""target"": ""n2"", ""relation"": ""relates_to"", ""weight"": 1.0, ""evidence_refs"": [""kg-edge:normalized:edge:18222""]}, {""id"": ""e2"", ""source"": ""n1"", ""target"": ""n3"", ""relation"": ""is_a"", ""weight"": 1.0, ""evidence_refs"": [""kg-node:chemistry_9a_rjb_cpt11:definition"", ""kg-node:chemistry_9a_rjb_cpt11:examples""]}]",,,
chemistry_9a_rjb_cpt110,chemistry,催化剂,process,valid,[],"[{""id"": ""n1"", ""type"": ""process"", ""text"": ""催化剂"", ""weight"": 1.0, ""evidence_refs"": [""kg-node:chemistry_9a_rjb_cpt110:definition"", ""kg-node:chemistry_9a_rjb_cpt110:name"", ""kg-node:chemistry_9a_rjb_cpt110:retrieval_text""]}, {""id"": ""n2"", ""type"": ""process"", ""text"": ""二氧化锰的催化作用"", ""weight"": 1.0, ""evidence_refs"": [""kg-edge:normalized:edge:11283"", ""kg-edge:normalized:edge:15000""]}, {""id"": ""n3"", ""type"": ""process"", ""text"": ""催化作用"", ""weight"": 1.0, ""evidence_refs"": [""kg-edge:normalized:edge:18226""]}, {""id"": ""n4"", ""type"": ""entity"", ""text"": ""化学反应速率"", ""weight"": 1.0, ""evidence_refs"": [""kg-edge:normalized:edge:18227""]}, {""id"": ""n5"", ""type"": ""entity"", ""text"": ""影响化学反应速率的因素"", ""weight"": 1.0, ""evidence_refs"": [""kg-edge:normalized:edge:11282""]}, {""id"": ""n6"", ""type"": ""process"", ""text"": ""催化剂对化学反应速率的影响"", ""weight"": 1.0, ""evidence_refs"": [""kg-edge:normalized:edge:11716""]}, {""id"": ""n7"", ""type"": ""entity"", ""text"": ""酶"", ""weight"": 1.0, ""evidence_refs"": [""kg-edge:normalized:edge:18522""]}, {""id"": ""n8"", ""type"": ""condition"", ""text"": ""通过前后对比分析催化剂作用"", ""weight"": 1.0, ""evidence_refs"": [""kg-edge:normalized:edge:15262""]}]","[{""id"": ""e1"", ""source"": ""n2"", ""target"": ""n1"", ""relation"": ""is_a"", ""weight"": 1.0, ""evidence_refs"": [""kg-edge:normalized:edge:11283""]}, {""id"": ""e2"", ""source"": ""n1"", ""target"": ""n3"", ""relation"": ""relates_to"", ""weight"": 1.0, ""evidence_refs"": [""kg-edge:normalized:edge:18226""]}, {""id"": ""e3"", ""source"": ""n1"", ""target"": ""n4"", ""relation"": ""relates_to"", ""weight"": 1.0, ""evidence_refs"": [""kg-edge:normalized:edge:18227""]}, {""id"": ""e4"", ""source"": ""n1"", ""target"": ""n5"", ""relation"": ""is_a"", ""weight"": 1.0, ""evidence_refs"": [""kg-edge:normalized:edge:11282""]}, {""id"": ""e5"", ""source"": ""n6"", ""target"": ""n1"", ""relation"": ""is_a"", ""weight"": 1.0, ""evidence_refs"": [""kg-edge:normalized:edge:11716""]}, {""id"": ""e6"", ""source"": ""n7"", ""target"": ""n1"", ""relation"": ""relates_to"", ""weight"": 1.0, ""evidence_refs"": [""kg-edge:normalized:edge:18522""]}, {""id"": ""e7"", ""source"": ""n8"", ""target"": ""n1"", ""relation"": ""requires"", ""weight"": 1.0, ""evidence_refs"": [""kg-edge:normalized:edge:15262""]}, {""id"": ""e8"", ""source"": ""n1"", ""target"": ""n2"", ""relation"": ""requires"", ""weight"": 1.0, ""evidence_refs"": [""kg-edge:normalized:edge:15000""]}]",,,
chemistry_9a_rjb_cpt111,chemistry,催化作用,process,valid,[],"[{""id"": ""n1"", ""type"": ""process"", ""text"": ""催化作用"", ""weight"": 1.0, ""evidence_refs"": [""kg-node:chemistry_9a_rjb_cpt111:definition"", ""kg-node:chemistry_9a_rjb_cpt111:retrieval_text""]}, {""id"": ""n2"", ""type"": ""entity"", ""text"": ""催化剂"", ""weight"": 0.9, ""evidence_refs"": [""kg-edge:normalized:edge:18226""]}, {""id"": ""n3"", ""type"": ""outcome"", ""text"": ""催化剂的工业应用"", ""weight"": 1.35, ""evidence_refs"": [""kg-edge:normalized:edge:15001""]}]","[{""id"": ""e1"", ""source"": ""n2"", ""target"": ""n1"", ""relation"": ""relates_to"", ""weight"": 0.9, ""evidence_refs"": [""kg-edge:normalized:edge:18226""]}, {""id"": ""e2"", ""source"": ""n1"", ""target"": ""n3"", ""relation"": ""enables"", ""weight"": 1.35, ""evidence_refs"": [""kg-edge:normalized:edge:15001""]}]",,,
chemistry_9a_rjb_cpt112,chemistry,二氧化锰的催化作用,process,valid,[],"[{""id"": ""n1"", ""type"": ""condition"", ""text"": ""催化剂"", ""weight"": 1.0, ""evidence_refs"": [""kg-edge:normalized:edge:15000""]}, {""id"": ""n2"", ""type"": ""process"", ""text"": ""二氧化锰的催化作用"", ""weight"": 1.0, ""evidence_refs"": [""kg-node:chemistry_9a_rjb_cpt112:definition"", ""kg-node:chemistry_9a_rjb_cpt112:retrieval_text""]}, {""id"": ""n3"", ""type"": ""entity"", ""text"": ""过氧化氢分解实验中二氧化锰的作用"", ""weight"": 0.95, ""evidence_refs"": [""kg-edge:normalized:edge:22575""]}, {""id"": ""n4"", ""type"": ""entity"", ""text"": ""加热混有二氧化锰的氯酸钾固体制取氧气"", ""weight"": 0.95, ""evidence_refs"": [""kg-edge:normalized:edge:22577""]}]","[{""id"": ""e1"", ""source"": ""n1"", ""target"": ""n2"", ""relation"": ""enables"", ""weight"": 1.0, ""evidence_refs"": [""kg-edge:normalized:edge:15000""]}, {""id"": ""e2"", ""source"": ""n2"", ""target"": ""n1"", ""relation"": ""is_a"", ""weight"": 1.0, ""evidence_refs"": [""kg-edge:normalized:edge:11283""]}, {""id"": ""e3"", ""source"": ""n3"", ""target"": ""n2"", ""relation"": ""verifies"", ""weight"": 0.95, ""evidence_refs"": [""kg-edge:normalized:edge:22575""]}, {""id"": ""e4"", ""source"": ""n4"", ""target"": ""n2"", ""relation"": ""verifies"", ""weight"": 0.95, ""evidence_refs"": [""kg-edge:normalized:edge:22577""]}]",,,
chemistry_9a_rjb_cpt113,chemistry,催化剂的工业应用,mechanism,valid,[],"[{""id"": ""n1"", ""type"": ""condition"", ""text"": ""催化作用"", ""weight"": 1.0, ""evidence_refs"": [""kg-edge:normalized:edge:15001""]}, {""id"": ""n2"", ""type"": ""outcome"", ""text"": ""催化剂在化工生产中具有重要而广泛的应用，许多过程必须依靠催化剂才能有效进行"", ""weight"": 1.0, ""evidence_refs"": [""kg-node:chemistry_9a_rjb_cpt113:definition"", ""kg-node:chemistry_9a_rjb_cpt113:retrieval_text""]}, {""id"": ""n3"", ""type"": ""evidence"", ""text"": ""生产化肥、农药、多种化工原料都要使用催化剂"", ""weight"": 1.0, ""evidence_refs"": [""kg-node:chemistry_9a_rjb_cpt113:examples"", ""kg-node:chemistry_9a_rjb_cpt113:retrieval_text""]}, {""id"": ""n4"", ""type"": ""evidence"", ""text"": ""石油炼制过程中用高效催化剂生产汽油、煤油等"", ""weight"": 1.0, ""evidence_refs"": [""kg-node:chemistry_9a_rjb_cpt113:examples"", ""kg-node:chemistry_9a_rjb_cpt113:retrieval_text""]}, {""id"": ""n5"", ""type"": ""evidence"", ""text"": ""汽车尾气处理中用催化剂促进有害气体的转化"", ""weight"": 1.0, ""evidence_refs"": [""kg-node:chemistry_9a_rjb_cpt113:examples"", ""kg-node:chemistry_9a_rjb_cpt113:retrieval_text""]}, {""id"": ""n6"", ""type"": ""evidence"", ""text"": ""酿造工业和制药工业中用酶作催化剂"", ""weight"": 1.0, ""evidence_refs"": [""kg-node:chemistry_9a_rjb_cpt113:examples"", ""kg-node:chemistry_9a_rjb_cpt113:retrieval_text""]}]","[{""id"": ""e1"", ""source"": ""n1"", ""target"": ""n2"", ""relation"": ""enables"", ""weight"": 1.0, ""evidence_refs"": [""kg-edge:normalized:edge:15001""]}, {""id"": ""e2"", ""source"": ""n3"", ""target"": ""n2"", ""relation"": ""relates_to"", ""weight"": 1.0, ""evidence_refs"": [""kg-node:chemistry_9a_rjb_cpt113:examples"", ""kg-node:chemistry_9a_rjb_cpt113:retrieval_text""]}, {""id"": ""e3"", ""source"": ""n4"", ""target"": ""n2"", ""relation"": ""relates_to"", ""weight"": 1.0, ""evidence_refs"": [""kg-node:chemistry_9a_rjb_cpt113:examples"", ""kg-node:chemistry_9a_rjb_cpt113:retrieval_text""]}, {""id"": ""e4"", ""source"": ""n5"", ""target"": ""n2"", ""relation"": ""relates_to"", ""weight"": 1.0, ""evidence_refs"": [""kg-node:chemistry_9a_rjb_cpt113:examples"", ""kg-node:chemistry_9a_rjb_cpt113:retrieval_text""]}, {""id"": ""e5"", ""source"": ""n6"", ""target"": ""n2"", ""relation"": ""relates_to"", ""weight"": 1.0, ""evidence_refs"": [""kg-node:chemistry_9a_rjb_cpt113:examples"", ""kg-node:chemistry_9a_rjb_cpt113:retrieval_text""]}]",,,
chemistry_9a_rjb_cpt114,chemistry,工业制取氧气的方法,mechanism,valid,[],"[{""id"": ""n1"", ""type"": ""condition"", ""text"": ""氧气"", ""weight"": 1.0, ""evidence_refs"": [""kg-edge:normalized:edge:15224""]}, {""id"": ""n2"", ""type"": ""process"", ""text"": ""液态空气的分馏制氧"", ""weight"": 1.0, ""evidence_refs"": [""kg-edge:normalized:edge:11284"", ""kg-node:chemistry_9a_rjb_cpt114:examples"", ""kg-node:chemistry_9a_rjb_cpt114:retrieval_text""]}, {""id"": ""n3"", ""type"": ""process"", ""text"": ""膜分离制取富氧空气"", ""weight"": 1.0, ""evidence_refs"": [""kg-edge:normalized:edge:11285"", ""kg-node:chemistry_9a_rjb_cpt114:examples"", ""kg-node:chemistry_9a_rjb_cpt114:retrieval_text""]}, {""id"": ""n4"", ""type"": ""outcome"", ""text"": ""工业制取氧气的方法"", ""weight"": 1.0, ""evidence_refs"": [""kg-node:chemistry_9a_rjb_cpt114:definition"", ""kg-node:chemistry_9a_rjb_cpt114:name"", ""kg-node:chemistry_9a_rjb_cpt114:retrieval_text""]}]","[{""id"": ""e1"", ""source"": ""n1"", ""target"": ""n4"", ""relation"": ""requires"", ""weight"": 1.0, ""evidence_refs"": [""kg-edge:normalized:edge:15224""]}, {""id"": ""e2"", ""source"": ""n2"", ""target"": ""n4"", ""relation"": ""is_a"", ""weight"": 1.0, ""evidence_refs"": [""kg-edge:normalized:edge:11284""]}, {""id"": ""e3"", ""source"": ""n3"", ""target"": ""n4"", ""relation"": ""is_a"", ""weight"": 1.0, ""evidence_refs"": [""kg-edge:normalized:edge:11285""]}]",,,
chemistry_9a_rjb_cpt115,chemistry,液态空气的分馏制氧,mechanism,valid,[],"[{""id"": ""n1"", ""type"": ""condition"", ""text"": ""气体沸点差异的利用"", ""weight"": 1.0, ""evidence_refs"": [""kg-edge:normalized:edge:15004""]}, {""id"": ""n2"", ""type"": ""process"", ""text"": ""在低温条件下加压使空气转变为液态，然后升温，利用氮气和氧气沸点不同，使氮气先蒸出，剩余液态氧，从而获得氧气"", ""weight"": 1.0, ""evidence_refs"": [""kg-node:chemistry_9a_rjb_cpt115:definition""]}, {""id"": ""n3"", ""type"": ""outcome"", ""text"": ""工业制取氧气的方法"", ""weight"": 1.0, ""evidence_refs"": [""kg-edge:normalized:edge:11284""]}, {""id"": ""n4"", ""type"": ""entity"", ""text"": ""液态氮的沸点−196℃，液态氧的沸点−183℃"", ""weight"": 1.0, ""evidence_refs"": [""kg-node:chemistry_9a_rjb_cpt115:examples""]}]","[{""id"": ""e1"", ""source"": ""n1"", ""target"": ""n2"", ""relation"": ""enables"", ""weight"": 1.0, ""evidence_refs"": [""kg-edge:normalized:edge:15004""]}, {""id"": ""e2"", ""source"": ""n4"", ""target"": ""n2"", ""relation"": ""enables"", ""weight"": 1.0, ""evidence_refs"": [""kg-node:chemistry_9a_rjb_cpt115:examples""]}, {""id"": ""e3"", ""source"": ""n2"", ""target"": ""n3"", ""relation"": ""is_a"", ""weight"": 1.0, ""evidence_refs"": [""kg-edge:normalized:edge:11284""]}]",,,
chemistry_9a_rjb_cpt116,chemistry,膜分离制取富氧空气,mechanism,valid,[],"[{""id"": ""n1"", ""type"": ""condition"", ""text"": ""一定压力"", ""weight"": 1.0, ""evidence_refs"": [""kg-node:chemistry_9a_rjb_cpt116:definition""]}, {""id"": ""n2"", ""type"": ""entity"", ""text"": ""具有富集氧气功能的薄膜"", ""weight"": 1.0, ""evidence_refs"": [""kg-node:chemistry_9a_rjb_cpt116:definition""]}, {""id"": ""n3"", ""type"": ""entity"", ""text"": ""空气"", ""weight"": 1.0, ""evidence_refs"": [""kg-node:chemistry_9a_rjb_cpt116:definition""]}, {""id"": ""n4"", ""type"": ""process"", ""text"": ""膜分离制取富氧空气"", ""weight"": 1.0, ""evidence_refs"": [""kg-node:chemistry_9a_rjb_cpt116:definition"", ""kg-node:chemistry_9a_rjb_cpt116:name""]}, {""id"": ""n5"", ""type"": ""outcome"", ""text"": ""含氧量较高的富氧空气"", ""weight"": 1.0, ""evidence_refs"": [""kg-node:chemistry_9a_rjb_cpt116:definition""]}, {""id"": ""n6"", ""type"": ""process"", ""text"": ""多级分离"", ""weight"": 1.0, ""evidence_refs"": [""kg-node:chemistry_9a_rjb_cpt116:definition""]}, {""id"": ""n7"", ""type"": ""outcome"", ""text"": ""含90%以上氧气的富氧空气"", ""weight"": 1.0, ""evidence_refs"": [""kg-node:chemistry_9a_rjb_cpt116:examples""]}, {""id"": ""n8"", ""type"": ""entity"", ""text"": ""工业制取氧气的方法"", ""weight"": 1.0, ""evidence_refs"": [""kg-edge:normalized:edge:11285""]}]","[{""id"": ""e1"", ""source"": ""n1"", ""target"": ""n4"", ""relation"": ""enables"", ""weight"": 1.0, ""evidence_refs"": [""kg-node:chemistry_9a_rjb_cpt116:definition""]}, {""id"": ""e2"", ""source"": ""n2"", ""target"": ""n4"", ""relation"": ""enables"", ""weight"": 1.0, ""evidence_refs"": [""kg-node:chemistry_9a_rjb_cpt116:definition""]}, {""id"": ""e3"", ""source"": ""n3"", ""target"": ""n4"", ""relation"": ""transforms"", ""weight"": 1.0, ""evidence_refs"": [""kg-node:chemistry_9a_rjb_cpt116:definition""]}, {""id"": ""e4"", ""source"": ""n4"", ""target"": ""n5"", ""relation"": ""produces"", ""weight"": 1.0, ""evidence_refs"": [""kg-node:chemistry_9a_rjb_cpt116:definition""]}, {""id"": ""e5"", ""source"": ""n5"", ""target"": ""n6"", ""relation"": ""requires"", ""weight"": 1.0, ""evidence_refs"": [""kg-node:chemistry_9a_rjb_cpt116:definition""]}, {""id"": ""e6"", ""source"": ""n6"", ""target"": ""n7"", ""relation"": ""produces"", ""weight"": 1.0, ""evidence_refs"": [""kg-node:chemistry_9a_rjb_cpt116:examples""]}, {""id"": ""e7"", ""source"": ""n4"", ""target"": ""n8"", ""relation"": ""is_a"", ""weight"": 1.0, ""evidence_refs"": [""kg-edge:normalized:edge:11285""]}]",,,
math_1a_rjb_cpt1,math,数物体（数一数）,relation,valid,[],"[{""id"": ""n1"", ""type"": ""process"", ""text"": ""通过观察，对给定的物体逐一计数，确定物体的数量。"", ""weight"": 1.0, ""evidence_refs"": [""kg-node:math_1a_rjb_cpt1:definition""]}, {""id"": ""n2"", ""type"": ""entity"", ""text"": ""物体"", ""weight"": 1.0, ""evidence_refs"": [""kg-node:math_1a_rjb_cpt1:definition""]}, {""id"": ""n3"", ""type"": ""outcome"", ""text"": ""物体的数量"", ""weight"": 1.0, ""evidence_refs"": [""kg-node:math_1a_rjb_cpt1:definition""]}, {""id"": ""n4"", ""type"": ""entity"", ""text"": ""一一对应比较法"", ""weight"": 1.0, ""evidence_refs"": [""kg-edge:normalized:edge:16335""]}, {""id"": ""n5"", ""type"": ""entity"", ""text"": ""比较数量（多、少、一样多）"", ""weight"": 1.0, ""evidence_refs"": [""kg-edge:normalized:edge:19305""]}]","[{""id"": ""e1"", ""source"": ""n1"", ""target"": ""n3"", ""relation"": ""produces"", ""weight"": 1.0, ""evidence_refs"": [""kg-node:math_1a_rjb_cpt1:definition""]}, {""id"": ""e2"", ""source"": ""n1"", ""target"": ""n2"", ""relation"": ""requires"", ""weight"": 1.0, ""evidence_refs"": [""kg-node:math_1a_rjb_cpt1:definition""]}, {""id"": ""e3"", ""source"": ""n1"", ""target"": ""n4"", ""relation"": ""enables"", ""weight"": 1.0, ""evidence_refs"": [""kg-edge:normalized:edge:16335""]}, {""id"": ""e4"", ""source"": ""n1"", ""target"": ""n5"", ""relation"": ""relates_to"", ""weight"": 1.0, ""evidence_refs"": [""kg-edge:normalized:edge:19305""]}]",,,
math_1a_rjb_cpt10,math,小于号含义,relation,valid,[],"[{""id"": ""n1"", ""type"": ""condition"", ""text"": ""等号含义"", ""weight"": 1.0, ""evidence_refs"": [""kg-edge:normalized:edge:16377"", ""kg-edge:normalized:edge:19331""]}, {""id"": ""n2"", ""type"": ""entity"", ""text"": ""小于号含义"", ""weight"": 1.0, ""evidence_refs"": [""kg-node:math_1a_rjb_cpt10:definition"", ""kg-node:math_1a_rjb_cpt10:name"", ""kg-node:math_1a_rjb_cpt10:retrieval_text""]}, {""id"": ""n3"", ""type"": ""rule"", ""text"": ""表示前面的数量比后面的数量少。"", ""weight"": 1.0, ""evidence_refs"": [""kg-node:math_1a_rjb_cpt10:definition"", ""kg-node:math_1a_rjb_cpt10:retrieval_text""]}]","[{""id"": ""e1"", ""source"": ""n1"", ""target"": ""n2"", ""relation"": ""enables"", ""weight"": 1.0, ""evidence_refs"": [""kg-edge:normalized:edge:16377""]}, {""id"": ""e2"", ""source"": ""n1"", ""target"": ""n2"", ""relation"": ""relates_to"", ""weight"": 0.9, ""evidence_refs"": [""kg-edge:normalized:edge:19331""]}, {""id"": ""e3"", ""source"": ""n2"", ""target"": ""n3"", ""relation"": ""is_a"", ""weight"": 1.0, ""evidence_refs"": [""kg-node:math_1a_rjb_cpt10:definition"", ""kg-node:math_1a_rjb_cpt10:retrieval_text""]}]",,,
math_1a_rjb_cpt11,math,加法的含义,relation,valid,[],"[{""id"": ""n1"", ""type"": ""condition"", ""text"": ""数字1到5的认识"", ""weight"": 1.0, ""evidence_refs"": [""kg-edge:normalized:edge:16375""]}, {""id"": ""n2"", ""type"": ""process"", ""text"": ""表示两个数量合并在一起"", ""weight"": 1.0, ""evidence_refs"": [""kg-node:math_1a_rjb_cpt11:definition"", ""kg-node:math_1a_rjb_cpt11:retrieval_text""]}, {""id"": ""n3"", ""type"": ""outcome"", ""text"": ""加法的含义"", ""weight"": 1.0, ""evidence_refs"": [""kg-node:math_1a_rjb_cpt11:name"", ""kg-node:math_1a_rjb_cpt11:importance""]}]","[{""id"": ""e1"", ""source"": ""n1"", ""target"": ""n2"", ""relation"": ""enables"", ""weight"": 1.0, ""evidence_refs"": [""kg-edge:normalized:edge:16375""]}, {""id"": ""e2"", ""source"": ""n2"", ""target"": ""n3"", ""relation"": ""produces"", ""weight"": 1.0, ""evidence_refs"": [""kg-node:math_1a_rjb_cpt11:definition"", ""kg-node:math_1a_rjb_cpt11:retrieval_text""]}]",,,
math_1a_rjb_cpt12,math,减法的含义,relation,valid,[],"[{""id"": ""n1"", ""type"": ""condition"", ""text"": ""数字1到5的认识"", ""weight"": 1.0, ""evidence_refs"": [""kg-edge:normalized:edge:16376""]}, {""id"": ""n2"", ""type"": ""process"", ""text"": ""从一个数量中去掉一部分"", ""weight"": 1.0, ""evidence_refs"": [""kg-node:math_1a_rjb_cpt12:definition"", ""kg-node:math_1a_rjb_cpt12:retrieval_text""]}, {""id"": ""n3"", ""type"": ""outcome"", ""text"": ""减法的含义"", ""weight"": 1.0, ""evidence_refs"": [""kg-node:math_1a_rjb_cpt12:name"", ""kg-node:math_1a_rjb_cpt12:retrieval_text""]}]","[{""id"": ""e1"", ""source"": ""n1"", ""target"": ""n2"", ""relation"": ""enables"", ""weight"": 1.0, ""evidence_refs"": [""kg-edge:normalized:edge:16376""]}, {""id"": ""e2"", ""source"": ""n2"", ""target"": ""n3"", ""relation"": ""produces"", ""weight"": 1.0, ""evidence_refs"": [""kg-node:math_1a_rjb_cpt12:definition"", ""kg-node:math_1a_rjb_cpt12:retrieval_text""]}]",,,
math_1a_rjb_cpt13,math,数字0的含义,relation,valid,[],"[{""id"": ""n1"", ""type"": ""entity"", ""text"": ""数字0"", ""weight"": 1.0, ""evidence_refs"": [""kg-node:math_1a_rjb_cpt13:name""]}, {""id"": ""n2"", ""type"": ""state"", ""text"": ""没有数量"", ""weight"": 1.0, ""evidence_refs"": [""kg-node:math_1a_rjb_cpt13:definition""]}]","[{""id"": ""e1"", ""source"": ""n1"", ""target"": ""n2"", ""relation"": ""is_a"", ""weight"": 1.0, ""evidence_refs"": [""kg-node:math_1a_rjb_cpt13:definition""]}]",,,
math_1a_rjb_cpt14,math,长方体,relation,valid,[],"[{""id"": ""n1"", ""type"": ""entity"", ""text"": ""长方体"", ""weight"": 1.0, ""evidence_refs"": [""kg-node:math_1a_rjb_cpt14:definition"", ""kg-node:math_1a_rjb_cpt14:name"", ""kg-node:math_1a_rjb_cpt14:retrieval_text""]}, {""id"": ""n2"", ""type"": ""entity"", ""text"": ""正方体"", ""weight"": 1.0, ""evidence_refs"": [""kg-edge:normalized:edge:12133"", ""kg-edge:normalized:edge:19306""]}, {""id"": ""n3"", ""type"": ""entity"", ""text"": ""按形状分类"", ""weight"": 1.0, ""evidence_refs"": [""kg-edge:normalized:edge:12132""]}, {""id"": ""n4"", ""type"": ""entity"", ""text"": ""表面积"", ""weight"": 1.0, ""evidence_refs"": [""kg-edge:normalized:edge:16337""]}, {""id"": ""n5"", ""type"": ""entity"", ""text"": ""长方体体积公式"", ""weight"": 1.0, ""evidence_refs"": [""kg-edge:normalized:edge:16338""]}, {""id"": ""n6"", ""type"": ""entity"", ""text"": ""拼搭立体图形"", ""weight"": 1.0, ""evidence_refs"": [""kg-edge:normalized:edge:16336""]}]","[{""id"": ""e1"", ""source"": ""n2"", ""target"": ""n1"", ""relation"": ""is_a"", ""weight"": 1.0, ""evidence_refs"": [""kg-edge:normalized:edge:12133""]}, {""id"": ""e2"", ""source"": ""n1"", ""target"": ""n3"", ""relation"": ""is_a"", ""weight"": 1.0, ""evidence_refs"": [""kg-edge:normalized:edge:12132""]}, {""id"": ""e3"", ""source"": ""n1"", ""target"": ""n2"", ""relation"": ""relates_to"", ""weight"": 1.0, ""evidence_refs"": [""kg-edge:normalized:edge:19306""]}, {""id"": ""e4"", ""source"": ""n1"", ""target"": ""n4"", ""relation"": ""enables"", ""weight"": 1.0, ""evidence_refs"": [""kg-edge:normalized:edge:16337""]}, {""id"": ""e5"", ""source"": ""n1"", ""target"": ""n5"", ""relation"": ""enables"", ""weight"": 1.0, ""evidence_refs"": [""kg-edge:normalized:edge:16338""]}, {""id"": ""e6"", ""source"": ""n1"", ""target"": ""n6"", ""relation"": ""enables"", ""weight"": 1.0, ""evidence_refs"": [""kg-edge:normalized:edge:16336""]}]",,,
math_1a_rjb_cpt15,math,正方体,relation,valid,[],"[{""id"": ""n1"", ""type"": ""entity"", ""text"": ""正方体"", ""weight"": 1.0, ""evidence_refs"": [""kg-node:math_1a_rjb_cpt15:definition"", ""kg-node:math_1a_rjb_cpt15:name""]}, {""id"": ""n2"", ""type"": ""entity"", ""text"": ""长方体"", ""weight"": 1.0, ""evidence_refs"": [""kg-edge:normalized:edge:12133""]}, {""id"": ""n3"", ""type"": ""entity"", ""text"": ""按形状分类"", ""weight"": 1.0, ""evidence_refs"": [""kg-edge:normalized:edge:12134""]}, {""id"": ""n4"", ""type"": ""entity"", ""text"": ""正方体体积公式"", ""weight"": 1.0, ""evidence_refs"": [""kg-edge:normalized:edge:16340""]}, {""id"": ""n5"", ""type"": ""entity"", ""text"": ""拼搭立体图形"", ""weight"": 1.0, ""evidence_refs"": [""kg-edge:normalized:edge:16339""]}]","[{""id"": ""e1"", ""source"": ""n1"", ""target"": ""n2"", ""relation"": ""is_a"", ""weight"": 1.0, ""evidence_refs"": [""kg-edge:normalized:edge:12133""]}, {""id"": ""e2"", ""source"": ""n1"", ""target"": ""n3"", ""relation"": ""is_a"", ""weight"": 1.0, ""evidence_refs"": [""kg-edge:normalized:edge:12134""]}, {""id"": ""e3"", ""source"": ""n1"", ""target"": ""n4"", ""relation"": ""requires"", ""weight"": 1.0, ""evidence_refs"": [""kg-edge:normalized:edge:16340""]}, {""id"": ""e4"", ""source"": ""n1"", ""target"": ""n5"", ""relation"": ""requires"", ""weight"": 1.0, ""evidence_refs"": [""kg-edge:normalized:edge:16339""]}, {""id"": ""e5"", ""source"": ""n2"", ""target"": ""n1"", ""relation"": ""relates_to"", ""weight"": 1.0, ""evidence_refs"": [""kg-edge:normalized:edge:19306""]}]",,,
math_1a_rjb_cpt16,math,圆柱,relation,valid,[],"[{""id"": ""n1"", ""type"": ""entity"", ""text"": ""圆柱"", ""weight"": 1.0, ""evidence_refs"": [""kg-node:math_1a_rjb_cpt16:definition"", ""kg-node:math_1a_rjb_cpt16:name""]}, {""id"": ""n2"", ""type"": ""entity"", ""text"": ""按形状分类"", ""weight"": 1.0, ""evidence_refs"": [""kg-edge:normalized:edge:12135""]}, {""id"": ""n3"", ""type"": ""entity"", ""text"": ""旋转体"", ""weight"": 1.0, ""evidence_refs"": [""kg-edge:normalized:edge:12136""]}, {""id"": ""n4"", ""type"": ""entity"", ""text"": ""圆锥"", ""weight"": 1.0, ""evidence_refs"": [""kg-edge:normalized:edge:19307""]}]","[{""id"": ""e1"", ""source"": ""n1"", ""target"": ""n2"", ""relation"": ""is_a"", ""weight"": 1.0, ""evidence_refs"": [""kg-edge:normalized:edge:12135""]}, {""id"": ""e2"", ""source"": ""n1"", ""target"": ""n3"", ""relation"": ""is_a"", ""weight"": 1.0, ""evidence_refs"": [""kg-edge:normalized:edge:12136""]}, {""id"": ""e3"", ""source"": ""n1"", ""target"": ""n4"", ""relation"": ""relates_to"", ""weight"": 1.0, ""evidence_refs"": [""kg-edge:normalized:edge:19307""]}]",,,
math_1a_rjb_cpt17,math,球体,relation,valid,[],"[{""id"": ""n1"", ""type"": ""entity"", ""text"": ""球体"", ""weight"": 1.0, ""evidence_refs"": [""kg-node:math_1a_rjb_cpt17:definition"", ""kg-node:math_1a_rjb_cpt17:name""]}, {""id"": ""n2"", ""type"": ""condition"", ""text"": ""表面上所有点到中心的距离都相等"", ""weight"": 1.0, ""evidence_refs"": [""kg-node:math_1a_rjb_cpt17:definition""]}, {""id"": ""n3"", ""type"": ""state"", ""text"": ""立体图形"", ""weight"": 1.0, ""evidence_refs"": [""kg-node:math_1a_rjb_cpt17:definition""]}, {""id"": ""n4"", ""type"": ""entity"", ""text"": ""按形状分类"", ""weight"": 1.0, ""evidence_refs"": [""kg-edge:normalized:edge:12137""]}]","[{""id"": ""e1"", ""source"": ""n2"", ""target"": ""n1"", ""relation"": ""constrains"", ""weight"": 1.0, ""evidence_refs"": [""kg-node:math_1a_rjb_cpt17:definition""]}, {""id"": ""e2"", ""source"": ""n1"", ""target"": ""n3"", ""relation"": ""is_a"", ""weight"": 1.0, ""evidence_refs"": [""kg-node:math_1a_rjb_cpt17:definition""]}, {""id"": ""e3"", ""source"": ""n1"", ""target"": ""n4"", ""relation"": ""is_a"", ""weight"": 1.0, ""evidence_refs"": [""kg-edge:normalized:edge:12137""]}]",,,
math_1a_rjb_cpt18,math,按形状分类,method,valid,[],"[{""id"": ""n1"", ""type"": ""condition"", ""text"": ""观察与比较立体图形"", ""weight"": 1.0, ""evidence_refs"": [""kg-edge:normalized:edge:16390""]}, {""id"": ""n2"", ""type"": ""entity"", ""text"": ""长方体"", ""weight"": 1.0, ""evidence_refs"": [""kg-edge:normalized:edge:12132""]}, {""id"": ""n3"", ""type"": ""entity"", ""text"": ""正方体"", ""weight"": 1.0, ""evidence_refs"": [""kg-edge:normalized:edge:12134""]}, {""id"": ""n4"", ""type"": ""entity"", ""text"": ""圆柱"", ""weight"": 1.0, ""evidence_refs"": [""kg-edge:normalized:edge:12135""]}, {""id"": ""n5"", ""type"": ""entity"", ""text"": ""球体"", ""weight"": 1.0, ""evidence_refs"": [""kg-edge:normalized:edge:12137""]}, {""id"": ""n6"", ""type"": ""process"", ""text"": ""按形状分类"", ""weight"": 1.0, ""evidence_refs"": [""kg-node:math_1a_rjb_cpt18:definition"", ""kg-node:math_1a_rjb_cpt18:examples"", ""kg-node:math_1a_rjb_cpt18:importance"", ""kg-node:math_1a_rjb_cpt18:name"", ""kg-node:math_1a_rjb_cpt18:retrieval_text""]}]","[{""id"": ""e1"", ""source"": ""n1"", ""target"": ""n6"", ""relation"": ""enables"", ""weight"": 1.0, ""evidence_refs"": [""kg-edge:normalized:edge:16390""]}, {""id"": ""e2"", ""source"": ""n2"", ""target"": ""n6"", ""relation"": ""is_a"", ""weight"": 1.0, ""evidence_refs"": [""kg-edge:normalized:edge:12132""]}, {""id"": ""e3"", ""source"": ""n3"", ""target"": ""n6"", ""relation"": ""is_a"", ""weight"": 1.0, ""evidence_refs"": [""kg-edge:normalized:edge:12134""]}, {""id"": ""e4"", ""source"": ""n4"", ""target"": ""n6"", ""relation"": ""is_a"", ""weight"": 1.0, ""evidence_refs"": [""kg-edge:normalized:edge:12135""]}, {""id"": ""e5"", ""source"": ""n5"", ""target"": ""n6"", ""relation"": ""is_a"", ""weight"": 1.0, ""evidence_refs"": [""kg-edge:normalized:edge:12137""]}]",,,
math_1a_rjb_cpt19,math,数字6和7的认识,relation,valid,[],"[{""id"": ""n1"", ""type"": ""condition"", ""text"": ""数字6和7的认识"", ""weight"": 1.0, ""evidence_refs"": [""kg-node:math_1a_rjb_cpt19:definition"", ""kg-node:math_1a_rjb_cpt19:retrieval_text""]}, {""id"": ""n2"", ""type"": ""process"", ""text"": ""数物体、读数字、写数字、比较大小"", ""weight"": 1.0, ""evidence_refs"": [""kg-node:math_1a_rjb_cpt19:definition"", ""kg-node:math_1a_rjb_cpt19:examples""]}, {""id"": ""n3"", ""type"": ""outcome"", ""text"": ""认识数字6和7"", ""weight"": 1.0, ""evidence_refs"": [""kg-node:math_1a_rjb_cpt19:definition"", ""kg-node:math_1a_rjb_cpt19:retrieval_text""]}, {""id"": ""n4"", ""type"": ""entity"", ""text"": ""分拆数6和7"", ""weight"": 1.0, ""evidence_refs"": [""kg-edge:normalized:edge:16341""]}, {""id"": ""n5"", ""type"": ""entity"", ""text"": ""6和7的加法"", ""weight"": 1.0, ""evidence_refs"": [""kg-edge:normalized:edge:19308""]}, {""id"": ""n6"", ""type"": ""entity"", ""text"": ""6和7的减法"", ""weight"": 1.0, ""evidence_refs"": [""kg-edge:normalized:edge:19309""]}]","[{""id"": ""e1"", ""source"": ""n1"", ""target"": ""n2"", ""relation"": ""enables"", ""weight"": 1.0, ""evidence_refs"": [""kg-node:math_1a_rjb_cpt19:definition""]}, {""id"": ""e2"", ""source"": ""n2"", ""target"": ""n3"", ""relation"": ""produces"", ""weight"": 1.0, ""evidence_refs"": [""kg-node:math_1a_rjb_cpt19:definition"", ""kg-node:math_1a_rjb_cpt19:retrieval_text""]}, {""id"": ""e3"", ""source"": ""n1"", ""target"": ""n4"", ""relation"": ""relates_to"", ""weight"": 1.0, ""evidence_refs"": [""kg-edge:normalized:edge:16341""]}, {""id"": ""e4"", ""source"": ""n1"", ""target"": ""n5"", ""relation"": ""relates_to"", ""weight"": 1.0, ""evidence_refs"": [""kg-edge:normalized:edge:19308""]}, {""id"": ""e5"", ""source"": ""n1"", ""target"": ""n6"", ""relation"": ""relates_to"", ""weight"": 1.0, ""evidence_refs"": [""kg-edge:normalized:edge:19309""]}]",,,
math_1a_rjb_cpt2,math,比较数量（多、少、一样多）,relation,valid,[],"[{""id"": ""n1"", ""type"": ""entity"", ""text"": ""物体数量"", ""weight"": 1.0, ""evidence_refs"": [""kg-node:math_1a_rjb_cpt2:definition""]}, {""id"": ""n2"", ""type"": ""process"", ""text"": ""比较数量（多、少、一样多）"", ""weight"": 1.0, ""evidence_refs"": [""kg-node:math_1a_rjb_cpt2:definition"", ""kg-node:math_1a_rjb_cpt2:name""]}, {""id"": ""n3"", ""type"": ""outcome"", ""text"": ""判断哪个多、哪个少，或者是否一样多"", ""weight"": 1.0, ""evidence_refs"": [""kg-node:math_1a_rjb_cpt2:definition""]}, {""id"": ""n4"", ""type"": ""process"", ""text"": ""一一对应比较法"", ""weight"": 1.0, ""evidence_refs"": [""kg-edge:normalized:edge:12138""]}, {""id"": ""n5"", ""type"": ""process"", ""text"": ""数物体（数一数）"", ""weight"": 1.0, ""evidence_refs"": [""kg-edge:normalized:edge:19305""]}]","[{""id"": ""e1"", ""source"": ""n1"", ""target"": ""n2"", ""relation"": ""relates_to"", ""weight"": 1.0, ""evidence_refs"": [""kg-node:math_1a_rjb_cpt2:definition""]}, {""id"": ""e2"", ""source"": ""n2"", ""target"": ""n3"", ""relation"": ""produces"", ""weight"": 1.0, ""evidence_refs"": [""kg-node:math_1a_rjb_cpt2:definition""]}, {""id"": ""e3"", ""source"": ""n4"", ""target"": ""n2"", ""relation"": ""is_a"", ""weight"": 1.0, ""evidence_refs"": [""kg-edge:normalized:edge:12138""]}, {""id"": ""e4"", ""source"": ""n5"", ""target"": ""n2"", ""relation"": ""relates_to"", ""weight"": 1.0, ""evidence_refs"": [""kg-edge:normalized:edge:19305""]}]",,,
math_1a_rjb_cpt20,math,6和7的加法,relation,valid,[],"[{""id"": ""n1"", ""type"": ""condition"", ""text"": ""分拆数6和7"", ""weight"": 1.35, ""evidence_refs"": [""kg-edge:normalized:edge:16342""]}, {""id"": ""n2"", ""type"": ""entity"", ""text"": ""数字6和7的认识"", ""weight"": 0.9, ""evidence_refs"": [""kg-edge:normalized:edge:19308""]}, {""id"": ""n3"", ""type"": ""process"", ""text"": ""通过将数量合并，理解得到6或7的加法算式，如5+1=6、1+5=6"", ""weight"": 1.0, ""evidence_refs"": [""kg-node:math_1a_rjb_cpt20:definition"", ""kg-node:math_1a_rjb_cpt20:retrieval_text""]}, {""id"": ""n4"", ""type"": ""rule"", ""text"": ""a+b=6 或 a+b=7"", ""weight"": 1.0, ""evidence_refs"": [""kg-node:math_1a_rjb_cpt20:formula"", ""kg-node:math_1a_rjb_cpt20:retrieval_text""]}, {""id"": ""n5"", ""type"": ""outcome"", ""text"": ""6和7的加法"", ""weight"": 1.0, ""evidence_refs"": [""kg-node:math_1a_rjb_cpt20:name"", ""kg-node:math_1a_rjb_cpt20:retrieval_text""]}]","[{""id"": ""e1"", ""source"": ""n1"", ""target"": ""n5"", ""relation"": ""enables"", ""weight"": 1.35, ""evidence_refs"": [""kg-edge:normalized:edge:16342""]}, {""id"": ""e2"", ""source"": ""n2"", ""target"": ""n5"", ""relation"": ""relates_to"", ""weight"": 0.9, ""evidence_refs"": [""kg-edge:normalized:edge:19308""]}, {""id"": ""e3"", ""source"": ""n3"", ""target"": ""n5"", ""relation"": ""produces"", ""weight"": 1.0, ""evidence_refs"": [""kg-node:math_1a_rjb_cpt20:definition"", ""kg-node:math_1a_rjb_cpt20:retrieval_text""]}, {""id"": ""e4"", ""source"": ""n4"", ""target"": ""n5"", ""relation"": ""verifies"", ""weight"": 1.0, ""evidence_refs"": [""kg-node:math_1a_rjb_cpt20:formula"", ""kg-node:math_1a_rjb_cpt20:retrieval_text""]}]",,,
math_1a_rjb_cpt21,math,6和7的减法,relation,valid,[],"[{""id"": ""n1"", ""type"": ""condition"", ""text"": ""分拆数6和7"", ""weight"": 1.0, ""evidence_refs"": [""kg-edge:normalized:edge:16343""]}, {""id"": ""n2"", ""type"": ""condition"", ""text"": ""通过观察图示提出数学问题"", ""weight"": 1.0, ""evidence_refs"": [""kg-edge:normalized:edge:16380""]}, {""id"": ""n3"", ""type"": ""process"", ""text"": ""数字6和7的认识"", ""weight"": 0.9, ""evidence_refs"": [""kg-edge:normalized:edge:19309""]}, {""id"": ""n4"", ""type"": ""outcome"", ""text"": ""6和7的减法"", ""weight"": 1.0, ""evidence_refs"": [""kg-node:math_1a_rjb_cpt21:definition"", ""kg-node:math_1a_rjb_cpt21:formula"", ""kg-node:math_1a_rjb_cpt21:importance"", ""kg-node:math_1a_rjb_cpt21:name"", ""kg-node:math_1a_rjb_cpt21:retrieval_text""]}]","[{""id"": ""e1"", ""source"": ""n1"", ""target"": ""n4"", ""relation"": ""enables"", ""weight"": 1.35, ""evidence_refs"": [""kg-edge:normalized:edge:16343""]}, {""id"": ""e2"", ""source"": ""n2"", ""target"": ""n4"", ""relation"": ""enables"", ""weight"": 1.2, ""evidence_refs"": [""kg-edge:normalized:edge:16380""]}, {""id"": ""e3"", ""source"": ""n3"", ""target"": ""n4"", ""relation"": ""relates_to"", ""weight"": 0.9, ""evidence_refs"": [""kg-edge:normalized:edge:19309""]}]",,,
math_1a_rjb_cpt22,math,分拆数6和7,relation,valid,[],"[{""id"": ""n1"", ""type"": ""condition"", ""text"": ""数字6和7的认识"", ""weight"": 1.0, ""evidence_refs"": [""kg-edge:normalized:edge:16341""]}, {""id"": ""n2"", ""type"": ""condition"", ""text"": ""利用摆摆、画一画理解数量"", ""weight"": 1.0, ""evidence_refs"": [""kg-edge:normalized:edge:16381""]}, {""id"": ""n3"", ""type"": ""process"", ""text"": ""把6或7分成两个部分，了解所有不同的分法"", ""weight"": 1.0, ""evidence_refs"": [""kg-node:math_1a_rjb_cpt22:definition"", ""kg-node:math_1a_rjb_cpt22:retrieval_text""]}, {""id"": ""n4"", ""type"": ""outcome"", ""text"": ""6和7的加法"", ""weight"": 1.0, ""evidence_refs"": [""kg-edge:normalized:edge:16342""]}, {""id"": ""n5"", ""type"": ""outcome"", ""text"": ""6和7的减法"", ""weight"": 1.0, ""evidence_refs"": [""kg-edge:normalized:edge:16343""]}]","[{""id"": ""e1"", ""source"": ""n1"", ""target"": ""n3"", ""relation"": ""enables"", ""weight"": 1.0, ""evidence_refs"": [""kg-edge:normalized:edge:16341""]}, {""id"": ""e2"", ""source"": ""n2"", ""target"": ""n3"", ""relation"": ""enables"", ""weight"": 1.0, ""evidence_refs"": [""kg-edge:normalized:edge:16381""]}, {""id"": ""e3"", ""source"": ""n3"", ""target"": ""n4"", ""relation"": ""enables"", ""weight"": 1.0, ""evidence_refs"": [""kg-edge:normalized:edge:16342""]}, {""id"": ""e4"", ""source"": ""n3"", ""target"": ""n5"", ""relation"": ""enables"", ""weight"": 1.0, ""evidence_refs"": [""kg-edge:normalized:edge:16343""]}]",,,
math_1a_rjb_cpt23,math,数字6的认识,relation,valid,[],"[{""id"": ""n1"", ""type"": ""condition"", ""text"": ""数数方法"", ""weight"": 1.0, ""evidence_refs"": [""kg-edge:normalized:edge:16382""]}, {""id"": ""n2"", ""type"": ""entity"", ""text"": ""数字6的认识"", ""weight"": 1.0, ""evidence_refs"": [""kg-node:math_1a_rjb_cpt23:definition"", ""kg-node:math_1a_rjb_cpt23:retrieval_text""]}, {""id"": ""n3"", ""type"": ""outcome"", ""text"": ""6的加减法"", ""weight"": 1.0, ""evidence_refs"": [""kg-edge:normalized:edge:16344""]}, {""id"": ""n4"", ""type"": ""process"", ""text"": ""数量的比较"", ""weight"": 1.0, ""evidence_refs"": [""kg-edge:normalized:edge:19310""]}]","[{""id"": ""e1"", ""source"": ""n1"", ""target"": ""n2"", ""relation"": ""enables"", ""weight"": 1.0, ""evidence_refs"": [""kg-edge:normalized:edge:16382""]}, {""id"": ""e2"", ""source"": ""n2"", ""target"": ""n3"", ""relation"": ""enables"", ""weight"": 1.0, ""evidence_refs"": [""kg-edge:normalized:edge:16344""]}, {""id"": ""e3"", ""source"": ""n4"", ""target"": ""n2"", ""relation"": ""relates_to"", ""weight"": 1.0, ""evidence_refs"": [""kg-edge:normalized:edge:19310""]}]",,,
math_1a_rjb_cpt24,math,数字7的认识,relation,valid,[],"[{""id"": ""n1"", ""type"": ""condition"", ""text"": ""数数方法"", ""weight"": 1.0, ""evidence_refs"": [""kg-edge:normalized:edge:16383""]}, {""id"": ""n2"", ""type"": ""entity"", ""text"": ""数字7的认识"", ""weight"": 1.0, ""evidence_refs"": [""kg-node:math_1a_rjb_cpt24:definition"", ""kg-node:math_1a_rjb_cpt24:retrieval_text""]}, {""id"": ""n3"", ""type"": ""outcome"", ""text"": ""7的加减法"", ""weight"": 1.0, ""evidence_refs"": [""kg-edge:normalized:edge:16345""]}, {""id"": ""n4"", ""type"": ""entity"", ""text"": ""数量的比较"", ""weight"": 1.0, ""evidence_refs"": [""kg-edge:normalized:edge:19311""]}]","[{""id"": ""e1"", ""source"": ""n1"", ""target"": ""n2"", ""relation"": ""enables"", ""weight"": 1.0, ""evidence_refs"": [""kg-edge:normalized:edge:16383""]}, {""id"": ""e2"", ""source"": ""n2"", ""target"": ""n3"", ""relation"": ""enables"", ""weight"": 1.0, ""evidence_refs"": [""kg-edge:normalized:edge:16345""]}, {""id"": ""e3"", ""source"": ""n4"", ""target"": ""n2"", ""relation"": ""relates_to"", ""weight"": 0.9, ""evidence_refs"": [""kg-edge:normalized:edge:19311""]}]",,,
math_1a_rjb_cpt25,math,6的加减法,relation,valid,[],"[{""id"": ""n1"", ""type"": ""condition"", ""text"": ""数字6的认识"", ""weight"": 1.0, ""evidence_refs"": [""kg-edge:normalized:edge:16344""]}, {""id"": ""n2"", ""type"": ""condition"", ""text"": ""分与合（拆分与组合）"", ""weight"": 1.0, ""evidence_refs"": [""kg-edge:normalized:edge:16346""]}, {""id"": ""n3"", ""type"": ""outcome"", ""text"": ""掌握所有得数是6或从6中减去的加减法，如5+1=6、6-1=5等。"", ""weight"": 1.0, ""evidence_refs"": [""kg-node:math_1a_rjb_cpt25:definition"", ""kg-node:math_1a_rjb_cpt25:retrieval_text""]}]","[{""id"": ""e1"", ""source"": ""n1"", ""target"": ""n3"", ""relation"": ""enables"", ""weight"": 1.0, ""evidence_refs"": [""kg-edge:normalized:edge:16344""]}, {""id"": ""e2"", ""source"": ""n2"", ""target"": ""n3"", ""relation"": ""enables"", ""weight"": 1.0, ""evidence_refs"": [""kg-edge:normalized:edge:16346""]}]",,,
math_1a_rjb_cpt26,math,7的加减法,relation,valid,[],"[{""id"": ""n1"", ""type"": ""condition"", ""text"": ""数字7的认识"", ""weight"": 1.0, ""evidence_refs"": [""kg-edge:normalized:edge:16345""]}, {""id"": ""n2"", ""type"": ""condition"", ""text"": ""分与合（拆分与组合）"", ""weight"": 1.0, ""evidence_refs"": [""kg-edge:normalized:edge:16347""]}, {""id"": ""n3"", ""type"": ""outcome"", ""text"": ""掌握所有得数是7或从7中减去的加减法，如5+2=7、7-5=2等。"", ""weight"": 1.0, ""evidence_refs"": [""kg-node:math_1a_rjb_cpt26:definition"", ""kg-node:math_1a_rjb_cpt26:retrieval_text""]}]","[{""id"": ""e1"", ""source"": ""n1"", ""target"": ""n3"", ""relation"": ""enables"", ""weight"": 1.0, ""evidence_refs"": [""kg-edge:normalized:edge:16345""]}, {""id"": ""e2"", ""source"": ""n2"", ""target"": ""n3"", ""relation"": ""enables"", ""weight"": 1.0, ""evidence_refs"": [""kg-edge:normalized:edge:16347""]}]",,,
math_1a_rjb_cpt27,math,数量的比较,relation,valid,[],"[{""id"": ""n1"", ""type"": ""entity"", ""text"": ""数量的比较"", ""weight"": 1.0, ""evidence_refs"": [""kg-node:math_1a_rjb_cpt27:definition"", ""kg-node:math_1a_rjb_cpt27:name""]}, {""id"": ""n2"", ""type"": ""entity"", ""text"": ""数字6的认识"", ""weight"": 0.9, ""evidence_refs"": [""kg-edge:normalized:edge:19310""]}, {""id"": ""n3"", ""type"": ""entity"", ""text"": ""数字7的认识"", ""weight"": 0.9, ""evidence_refs"": [""kg-edge:normalized:edge:19311""]}, {""id"": ""n4"", ""type"": ""process"", ""text"": ""用符号“>”“<”比较两个数量的大小"", ""weight"": 1.0, ""evidence_refs"": [""kg-node:math_1a_rjb_cpt27:definition""]}, {""id"": ""n5"", ""type"": ""outcome"", ""text"": ""如5<6、6>5"", ""weight"": 1.0, ""evidence_refs"": [""kg-node:math_1a_rjb_cpt27:definition""]}]","[{""id"": ""e1"", ""source"": ""n1"", ""target"": ""n2"", ""relation"": ""relates_to"", ""weight"": 0.9, ""evidence_refs"": [""kg-edge:normalized:edge:19310""]}, {""id"": ""e2"", ""source"": ""n1"", ""target"": ""n3"", ""relation"": ""relates_to"", ""weight"": 0.9, ""evidence_refs"": [""kg-edge:normalized:edge:19311""]}, {""id"": ""e3"", ""source"": ""n1"", ""target"": ""n4"", ""relation"": ""is_a"", ""weight"": 1.0, ""evidence_refs"": [""kg-node:math_1a_rjb_cpt27:definition""]}, {""id"": ""e4"", ""source"": ""n4"", ""target"": ""n5"", ""relation"": ""produces"", ""weight"": 1.0, ""evidence_refs"": [""kg-node:math_1a_rjb_cpt27:definition""]}]",,,
physics_8a_rjb_cpt1,physics,长度,mechanism,valid,[],"[{""id"": ""n1"", ""type"": ""entity"", ""text"": ""长度"", ""weight"": 1.0, ""evidence_refs"": [""kg-node:physics_8a_rjb_cpt1:definition"", ""kg-node:physics_8a_rjb_cpt1:examples"", ""kg-node:physics_8a_rjb_cpt1:importance"", ""kg-node:physics_8a_rjb_cpt1:name"", ""kg-node:physics_8a_rjb_cpt1:retrieval_text"", ""kg-node:physics_8a_rjb_cpt1:unit""]}, {""id"": ""n2"", ""type"": ""entity"", ""text"": ""长度单位（米及其倍数、子倍数）"", ""weight"": 1.0, ""evidence_refs"": [""kg-edge:normalized:edge:12429""]}, {""id"": ""n3"", ""type"": ""process"", ""text"": ""用刻度尺测量长度"", ""weight"": 1.0, ""evidence_refs"": [""kg-edge:normalized:edge:23027""]}, {""id"": ""n4"", ""type"": ""condition"", ""text"": ""使用刻度尺的方法"", ""weight"": 1.0, ""evidence_refs"": [""kg-edge:normalized:edge:17188""]}]","[{""id"": ""e1"", ""source"": ""n2"", ""target"": ""n1"", ""relation"": ""is_a"", ""weight"": 1.0, ""evidence_refs"": [""kg-edge:normalized:edge:12429""]}, {""id"": ""e2"", ""source"": ""n3"", ""target"": ""n1"", ""relation"": ""verifies"", ""weight"": 1.0, ""evidence_refs"": [""kg-edge:normalized:edge:23027""]}, {""id"": ""e3"", ""source"": ""n1"", ""target"": ""n4"", ""relation"": ""requires"", ""weight"": 1.0, ""evidence_refs"": [""kg-edge:normalized:edge:17188""]}]",,,
physics_8a_rjb_cpt10,physics,参照物,mechanism,valid,[],"[{""id"": ""n1"", ""type"": ""entity"", ""text"": ""参照物：判断物体运动或静止时所选取的标准物体。"", ""weight"": 1.0, ""evidence_refs"": [""kg-node:physics_8a_rjb_cpt10:definition""]}, {""id"": ""n2"", ""type"": ""entity"", ""text"": ""机械运动"", ""weight"": 0.9, ""evidence_refs"": [""kg-edge:normalized:edge:19745""]}, {""id"": ""n3"", ""type"": ""entity"", ""text"": ""运动与静止的相对性"", ""weight"": 0.9, ""evidence_refs"": [""kg-edge:normalized:edge:19747""]}, {""id"": ""n4"", ""type"": ""condition"", ""text"": ""参照物是判断物体运动或静止的前提条件"", ""weight"": 1.35, ""evidence_refs"": [""kg-edge:normalized:edge:17189""]}]","[{""id"": ""e1"", ""source"": ""n2"", ""target"": ""n1"", ""relation"": ""relates_to"", ""weight"": 0.9, ""evidence_refs"": [""kg-edge:normalized:edge:19745""]}, {""id"": ""e2"", ""source"": ""n3"", ""target"": ""n1"", ""relation"": ""relates_to"", ""weight"": 0.9, ""evidence_refs"": [""kg-edge:normalized:edge:19747""]}, {""id"": ""e3"", ""source"": ""n1"", ""target"": ""n4"", ""relation"": ""requires"", ""weight"": 1.35, ""evidence_refs"": [""kg-edge:normalized:edge:17189""]}]",,,
physics_8a_rjb_cpt100,physics,焦点,mechanism,valid,[],"[{""id"": ""n1"", ""type"": ""condition"", ""text"": ""主光轴"", ""weight"": 1.0, ""evidence_refs"": [""kg-edge:normalized:edge:17246""]}, {""id"": ""n2"", ""type"": ""entity"", ""text"": ""平行于主光轴的光"", ""weight"": 1.0, ""evidence_refs"": [""kg-node:physics_8a_rjb_cpt100:definition""]}, {""id"": ""n3"", ""type"": ""entity"", ""text"": ""凸透镜"", ""weight"": 1.0, ""evidence_refs"": [""kg-node:physics_8a_rjb_cpt100:definition""]}, {""id"": ""n4"", ""type"": ""process"", ""text"": ""凸透镜对光的偏折演示"", ""weight"": 0.95, ""evidence_refs"": [""kg-edge:normalized:edge:23045""]}, {""id"": ""n5"", ""type"": ""outcome"", ""text"": ""焦点"", ""weight"": 1.0, ""evidence_refs"": [""kg-node:physics_8a_rjb_cpt100:definition"", ""kg-node:physics_8a_rjb_cpt100:name""]}, {""id"": ""n6"", ""type"": ""entity"", ""text"": ""焦距"", ""weight"": 0.9, ""evidence_refs"": [""kg-edge:normalized:edge:19710""]}]","[{""id"": ""e1"", ""source"": ""n1"", ""target"": ""n5"", ""relation"": ""requires"", ""weight"": 1.35, ""evidence_refs"": [""kg-edge:normalized:edge:17246""]}, {""id"": ""e2"", ""source"": ""n2"", ""target"": ""n5"", ""relation"": ""transforms"", ""weight"": 1.0, ""evidence_refs"": [""kg-node:physics_8a_rjb_cpt100:definition""]}, {""id"": ""e3"", ""source"": ""n3"", ""target"": ""n5"", ""relation"": ""enables"", ""weight"": 1.0, ""evidence_refs"": [""kg-node:physics_8a_rjb_cpt100:definition""]}, {""id"": ""e4"", ""source"": ""n4"", ""target"": ""n5"", ""relation"": ""verifies"", ""weight"": 0.95, ""evidence_refs"": [""kg-edge:normalized:edge:23045""]}, {""id"": ""e5"", ""source"": ""n5"", ""target"": ""n6"", ""relation"": ""relates_to"", ""weight"": 0.9, ""evidence_refs"": [""kg-edge:normalized:edge:19710""]}]",,,
physics_8a_rjb_cpt101,physics,焦距,mechanism,valid,[],"[{""id"": ""n1"", ""type"": ""entity"", ""text"": ""光心"", ""weight"": 1.0, ""evidence_refs"": [""kg-edge:normalized:edge:17247""]}, {""id"": ""n2"", ""type"": ""entity"", ""text"": ""焦点"", ""weight"": 1.0, ""evidence_refs"": [""kg-edge:normalized:edge:19710""]}, {""id"": ""n3"", ""type"": ""entity"", ""text"": ""焦距"", ""weight"": 1.0, ""evidence_refs"": [""kg-node:physics_8a_rjb_cpt101:definition"", ""kg-node:physics_8a_rjb_cpt101:formula"", ""kg-node:physics_8a_rjb_cpt101:unit"", ""kg-edge:normalized:edge:17247"", ""kg-edge:normalized:edge:19710""]}, {""id"": ""n4"", ""type"": ""outcome"", ""text"": ""凸透镜成像规律"", ""weight"": 1.0, ""evidence_refs"": [""kg-edge:normalized:edge:17190""]}]","[{""id"": ""e1"", ""source"": ""n1"", ""target"": ""n3"", ""relation"": ""requires"", ""weight"": 1.0, ""evidence_refs"": [""kg-edge:normalized:edge:17247""]}, {""id"": ""e2"", ""source"": ""n2"", ""target"": ""n3"", ""relation"": ""relates_to"", ""weight"": 1.0, ""evidence_refs"": [""kg-edge:normalized:edge:19710""]}, {""id"": ""e3"", ""source"": ""n3"", ""target"": ""n4"", ""relation"": ""requires"", ""weight"": 1.0, ""evidence_refs"": [""kg-edge:normalized:edge:17190""]}]",,,
physics_8a_rjb_cpt102,physics,实像,mechanism,valid,[],"[{""id"": ""n1"", ""type"": ""entity"", ""text"": ""实像"", ""weight"": 1.0, ""evidence_refs"": [""kg-node:physics_8a_rjb_cpt102:definition"", ""kg-node:physics_8a_rjb_cpt102:name"", ""kg-node:physics_8a_rjb_cpt102:retrieval_text""]}, {""id"": ""n2"", ""type"": ""process"", ""text"": ""照相机成像"", ""weight"": 1.0, ""evidence_refs"": [""kg-edge:normalized:edge:12419""]}, {""id"": ""n3"", ""type"": ""process"", ""text"": ""投影仪成像"", ""weight"": 1.0, ""evidence_refs"": [""kg-edge:normalized:edge:12420""]}, {""id"": ""n4"", ""type"": ""evidence"", ""text"": ""自制模型照相机实验"", ""weight"": 1.0, ""evidence_refs"": [""kg-edge:normalized:edge:23048""]}, {""id"": ""n5"", ""type"": ""evidence"", ""text"": ""投影仪演示实验"", ""weight"": 1.0, ""evidence_refs"": [""kg-edge:normalized:edge:23049""]}, {""id"": ""n6"", ""type"": ""entity"", ""text"": ""虚像"", ""weight"": 1.0, ""evidence_refs"": [""kg-edge:normalized:edge:19711""]}]","[{""id"": ""e1"", ""source"": ""n2"", ""target"": ""n1"", ""relation"": ""is_a"", ""weight"": 1.0, ""evidence_refs"": [""kg-edge:normalized:edge:12419""]}, {""id"": ""e2"", ""source"": ""n3"", ""target"": ""n1"", ""relation"": ""is_a"", ""weight"": 1.0, ""evidence_refs"": [""kg-edge:normalized:edge:12420""]}, {""id"": ""e3"", ""source"": ""n4"", ""target"": ""n1"", ""relation"": ""verifies"", ""weight"": 1.0, ""evidence_refs"": [""kg-edge:normalized:edge:23048""]}, {""id"": ""e4"", ""source"": ""n5"", ""target"": ""n1"", ""relation"": ""verifies"", ""weight"": 1.0, ""evidence_refs"": [""kg-edge:normalized:edge:23049""]}, {""id"": ""e5"", ""source"": ""n1"", ""target"": ""n6"", ""relation"": ""relates_to"", ""weight"": 1.0, ""evidence_refs"": [""kg-edge:normalized:edge:19711""]}]",,,
physics_8a_rjb_cpt103,physics,照相机成像,mechanism,valid,[],"[{""id"": ""n1"", ""type"": ""condition"", ""text"": ""物体远离凸透镜"", ""weight"": 1.0, ""evidence_refs"": [""kg-node:physics_8a_rjb_cpt103:definition""]}, {""id"": ""n2"", ""type"": ""entity"", ""text"": ""凸透镜"", ""weight"": 1.0, ""evidence_refs"": [""kg-edge:normalized:edge:17243""]}, {""id"": ""n3"", ""type"": ""entity"", ""text"": ""底片或感光元件"", ""weight"": 1.0, ""evidence_refs"": [""kg-node:physics_8a_rjb_cpt103:definition""]}, {""id"": ""n4"", ""type"": ""process"", ""text"": ""照相机成像"", ""weight"": 1.0, ""evidence_refs"": [""kg-node:physics_8a_rjb_cpt103:definition""]}, {""id"": ""n5"", ""type"": ""outcome"", ""text"": ""缩小、倒立的实像"", ""weight"": 1.0, ""evidence_refs"": [""kg-node:physics_8a_rjb_cpt103:definition""]}, {""id"": ""n6"", ""type"": ""entity"", ""text"": ""实像"", ""weight"": 1.0, ""evidence_refs"": [""kg-edge:normalized:edge:12419""]}, {""id"": ""n7"", ""type"": ""process"", ""text"": ""调节像距以成清晰像"", ""weight"": 1.0, ""evidence_refs"": [""kg-edge:normalized:edge:17251""]}]","[{""id"": ""e1"", ""source"": ""n1"", ""target"": ""n4"", ""relation"": ""enables"", ""weight"": 1.0, ""evidence_refs"": [""kg-node:physics_8a_rjb_cpt103:definition""]}, {""id"": ""e2"", ""source"": ""n2"", ""target"": ""n4"", ""relation"": ""requires"", ""weight"": 1.0, ""evidence_refs"": [""kg-edge:normalized:edge:17243""]}, {""id"": ""e3"", ""source"": ""n4"", ""target"": ""n5"", ""relation"": ""produces"", ""weight"": 1.0, ""evidence_refs"": [""kg-node:physics_8a_rjb_cpt103:definition""]}, {""id"": ""e4"", ""source"": ""n5"", ""target"": ""n6"", ""relation"": ""is_a"", ""weight"": 1.0, ""evidence_refs"": [""kg-edge:normalized:edge:12419""]}, {""id"": ""e5"", ""source"": ""n3"", ""target"": ""n4"", ""relation"": ""requires"", ""weight"": 1.0, ""evidence_refs"": [""kg-node:physics_8a_rjb_cpt103:definition""]}, {""id"": ""e6"", ""source"": ""n7"", ""target"": ""n4"", ""relation"": ""requires"", ""weight"": 1.0, ""evidence_refs"": [""kg-edge:normalized:edge:17251""]}]",,,
physics_8a_rjb_cpt104,physics,投影仪成像,mechanism,valid,[],"[{""id"": ""n1"", ""type"": ""condition"", ""text"": ""物体靠近凸透镜"", ""weight"": 1.0, ""evidence_refs"": [""kg-node:physics_8a_rjb_cpt104:definition"", ""kg-node:physics_8a_rjb_cpt104:retrieval_text""]}, {""id"": ""n2"", ""type"": ""process"", ""text"": ""透镜在投影屏幕上形成放大、倒立的实像"", ""weight"": 1.0, ""evidence_refs"": [""kg-node:physics_8a_rjb_cpt104:definition"", ""kg-node:physics_8a_rjb_cpt104:retrieval_text""]}, {""id"": ""n3"", ""type"": ""outcome"", ""text"": ""放大、倒立的实像"", ""weight"": 1.0, ""evidence_refs"": [""kg-node:physics_8a_rjb_cpt104:definition"", ""kg-node:physics_8a_rjb_cpt104:retrieval_text"", ""kg-edge:normalized:edge:12420""]}, {""id"": ""n4"", ""type"": ""entity"", ""text"": ""凸透镜"", ""weight"": 1.0, ""evidence_refs"": [""kg-edge:normalized:edge:17244""]}]","[{""id"": ""e1"", ""source"": ""n1"", ""target"": ""n2"", ""relation"": ""enables"", ""weight"": 1.0, ""evidence_refs"": [""kg-node:physics_8a_rjb_cpt104:definition"", ""kg-node:physics_8a_rjb_cpt104:retrieval_text""]}, {""id"": ""e2"", ""source"": ""n2"", ""target"": ""n3"", ""relation"": ""produces"", ""weight"": 1.0, ""evidence_refs"": [""kg-node:physics_8a_rjb_cpt104:definition"", ""kg-node:physics_8a_rjb_cpt104:retrieval_text""]}, {""id"": ""e3"", ""source"": ""n4"", ""target"": ""n1"", ""relation"": ""requires"", ""weight"": 1.0, ""evidence_refs"": [""kg-edge:normalized:edge:17244""]}, {""id"": ""e4"", ""source"": ""n3"", ""target"": ""n3"", ""relation"": ""is_a"", ""weight"": 1.0, ""evidence_refs"": [""kg-edge:normalized:edge:12420""]}]",,,
physics_8a_rjb_cpt105,physics,放大镜成像,mechanism,valid,[],"[{""id"": ""n1"", ""type"": ""condition"", ""text"": ""物体位于焦点以内"", ""weight"": 1.0, ""evidence_refs"": [""kg-node:physics_8a_rjb_cpt105:definition""]}, {""id"": ""n2"", ""type"": ""entity"", ""text"": ""凸透镜"", ""weight"": 1.0, ""evidence_refs"": [""kg-edge:normalized:edge:17245""]}, {""id"": ""n3"", ""type"": ""process"", ""text"": ""形成放大、正立的虚像"", ""weight"": 1.0, ""evidence_refs"": [""kg-node:physics_8a_rjb_cpt105:definition""]}, {""id"": ""n4"", ""type"": ""outcome"", ""text"": ""虚像"", ""weight"": 1.0, ""evidence_refs"": [""kg-edge:normalized:edge:12421""]}]","[{""id"": ""e1"", ""source"": ""n1"", ""target"": ""n3"", ""relation"": ""enables"", ""weight"": 1.0, ""evidence_refs"": [""kg-node:physics_8a_rjb_cpt105:definition""]}, {""id"": ""e2"", ""source"": ""n2"", ""target"": ""n3"", ""relation"": ""enables"", ""weight"": 1.0, ""evidence_refs"": [""kg-edge:normalized:edge:17245""]}, {""id"": ""e3"", ""source"": ""n3"", ""target"": ""n4"", ""relation"": ""produces"", ""weight"": 1.0, ""evidence_refs"": [""kg-node:physics_8a_rjb_cpt105:definition""]}, {""id"": ""e4"", ""source"": ""n3"", ""target"": ""n4"", ""relation"": ""is_a"", ""weight"": 1.0, ""evidence_refs"": [""kg-edge:normalized:edge:12421""]}]",,,
physics_8a_rjb_cpt106,physics,凸透镜成像规律,law,valid,[],"[{""id"": ""n1"", ""type"": ""condition"", ""text"": ""物距"", ""weight"": 1.0, ""evidence_refs"": [""kg-edge:normalized:edge:17193""]}, {""id"": ""n2"", ""type"": ""condition"", ""text"": ""像距"", ""weight"": 1.0, ""evidence_refs"": [""kg-edge:normalized:edge:17194""]}, {""id"": ""n3"", ""type"": ""condition"", ""text"": ""焦距"", ""weight"": 1.0, ""evidence_refs"": [""kg-edge:normalized:edge:17190""]}, {""id"": ""n4"", ""type"": ""rule"", ""text"": ""凸透镜成像规律"", ""weight"": 1.0, ""evidence_refs"": [""kg-node:physics_8a_rjb_cpt106:definition"", ""kg-node:physics_8a_rjb_cpt106:retrieval_text""]}, {""id"": ""n5"", ""type"": ""entity"", ""text"": ""物镜"", ""weight"": 1.0, ""evidence_refs"": [""kg-edge:normalized:edge:12423""]}, {""id"": ""n6"", ""type"": ""entity"", ""text"": ""目镜"", ""weight"": 1.0, ""evidence_refs"": [""kg-edge:normalized:edge:12424""]}, {""id"": ""n7"", ""type"": ""evidence"", ""text"": ""探究凸透镜成像的规律"", ""weight"": 1.0, ""evidence_refs"": [""kg-edge:normalized:edge:23050""]}, {""id"": ""n8"", ""type"": ""outcome"", ""text"": ""显微镜"", ""weight"": 1.0, ""evidence_refs"": [""kg-edge:normalized:edge:17191""]}]","[{""id"": ""e1"", ""source"": ""n1"", ""target"": ""n4"", ""relation"": ""requires"", ""weight"": 1.0, ""evidence_refs"": [""kg-edge:normalized:edge:17193""]}, {""id"": ""e2"", ""source"": ""n2"", ""target"": ""n4"", ""relation"": ""requires"", ""weight"": 1.0, ""evidence_refs"": [""kg-edge:normalized:edge:17194""]}, {""id"": ""e3"", ""source"": ""n3"", ""target"": ""n4"", ""relation"": ""requires"", ""weight"": 1.0, ""evidence_refs"": [""kg-edge:normalized:edge:17190""]}, {""id"": ""e4"", ""source"": ""n5"", ""target"": ""n4"", ""relation"": ""is_a"", ""weight"": 1.0, ""evidence_refs"": [""kg-edge:normalized:edge:12423""]}, {""id"": ""e5"", ""source"": ""n6"", ""target"": ""n4"", ""relation"": ""is_a"", ""weight"": 1.0, ""evidence_refs"": [""kg-edge:normalized:edge:12424""]}, {""id"": ""e6"", ""source"": ""n7"", ""target"": ""n4"", ""relation"": ""verifies"", ""weight"": 1.0, ""evidence_refs"": [""kg-edge:normalized:edge:23050""]}, {""id"": ""e7"", ""source"": ""n4"", ""target"": ""n8"", ""relation"": ""enables"", ""weight"": 1.0, ""evidence_refs"": [""kg-edge:normalized:edge:17191""]}]",,,
physics_8a_rjb_cpt107,physics,物距,mechanism,valid,[],"[{""id"": ""n1"", ""type"": ""entity"", ""text"": ""物距"", ""weight"": 1.0, ""evidence_refs"": [""kg-node:physics_8a_rjb_cpt107:definition"", ""kg-node:physics_8a_rjb_cpt107:name"", ""kg-node:physics_8a_rjb_cpt107:retrieval_text""]}, {""id"": ""n2"", ""type"": ""entity"", ""text"": ""凸透镜成像规律"", ""weight"": 1.0, ""evidence_refs"": [""kg-edge:normalized:edge:17193""]}, {""id"": ""n3"", ""type"": ""entity"", ""text"": ""像距"", ""weight"": 1.0, ""evidence_refs"": [""kg-edge:normalized:edge:19712""]}]","[{""id"": ""e1"", ""source"": ""n1"", ""target"": ""n2"", ""relation"": ""requires"", ""weight"": 1.0, ""evidence_refs"": [""kg-edge:normalized:edge:17193""]}, {""id"": ""e2"", ""source"": ""n1"", ""target"": ""n3"", ""relation"": ""relates_to"", ""weight"": 1.0, ""evidence_refs"": [""kg-edge:normalized:edge:19712""]}]",,,
physics_8a_rjb_cpt108,physics,像距,mechanism,valid,[],"[{""id"": ""n1"", ""type"": ""entity"", ""text"": ""像距"", ""weight"": 1.0, ""evidence_refs"": [""kg-node:physics_8a_rjb_cpt108:definition"", ""kg-node:physics_8a_rjb_cpt108:name"", ""kg-node:physics_8a_rjb_cpt108:retrieval_text""]}, {""id"": ""n2"", ""type"": ""entity"", ""text"": ""物距"", ""weight"": 0.9, ""evidence_refs"": [""kg-edge:normalized:edge:19712""]}, {""id"": ""n3"", ""type"": ""process"", ""text"": ""凸透镜成像规律"", ""weight"": 1.35, ""evidence_refs"": [""kg-edge:normalized:edge:17194""]}]","[{""id"": ""e1"", ""source"": ""n1"", ""target"": ""n3"", ""relation"": ""requires"", ""weight"": 1.35, ""evidence_refs"": [""kg-edge:normalized:edge:17194""]}, {""id"": ""e2"", ""source"": ""n2"", ""target"": ""n1"", ""relation"": ""relates_to"", ""weight"": 0.9, ""evidence_refs"": [""kg-edge:normalized:edge:19712""]}]",,,
physics_8a_rjb_cpt109,physics,实像与虚像,mechanism,valid,[],"[{""id"": ""n1"", ""type"": ""entity"", ""text"": ""实像"", ""weight"": 1.0, ""evidence_refs"": [""kg-node:physics_8a_rjb_cpt109:definition""]}, {""id"": ""n2"", ""type"": ""entity"", ""text"": ""虚像"", ""weight"": 1.0, ""evidence_refs"": [""kg-node:physics_8a_rjb_cpt109:definition""]}, {""id"": ""n3"", ""type"": ""state"", ""text"": ""可由光屏承接"", ""weight"": 1.0, ""evidence_refs"": [""kg-node:physics_8a_rjb_cpt109:definition""]}, {""id"": ""n4"", ""type"": ""state"", ""text"": ""不能由光屏承接，需要从透镜方向观察"", ""weight"": 1.0, ""evidence_refs"": [""kg-node:physics_8a_rjb_cpt109:definition""]}, {""id"": ""n5"", ""type"": ""entity"", ""text"": ""像的正倒与大小"", ""weight"": 0.9, ""evidence_refs"": [""kg-edge:normalized:edge:19713""]}]","[{""id"": ""e1"", ""source"": ""n1"", ""target"": ""n3"", ""relation"": ""relates_to"", ""weight"": 1.0, ""evidence_refs"": [""kg-node:physics_8a_rjb_cpt109:definition""]}, {""id"": ""e2"", ""source"": ""n2"", ""target"": ""n4"", ""relation"": ""relates_to"", ""weight"": 1.0, ""evidence_refs"": [""kg-node:physics_8a_rjb_cpt109:definition""]}, {""id"": ""e3"", ""source"": ""n1"", ""target"": ""n5"", ""relation"": ""relates_to"", ""weight"": 0.9, ""evidence_refs"": [""kg-edge:normalized:edge:19713""]}, {""id"": ""e4"", ""source"": ""n2"", ""target"": ""n5"", ""relation"": ""relates_to"", ""weight"": 0.9, ""evidence_refs"": [""kg-edge:normalized:edge:19713""]}]",,,
physics_8a_rjb_cpt11,physics,速度,mechanism,valid,[],"[{""id"": ""n1"", ""type"": ""entity"", ""text"": ""速度"", ""weight"": 1.0, ""evidence_refs"": [""kg-node:physics_8a_rjb_cpt11:definition"", ""kg-node:physics_8a_rjb_cpt11:formula"", ""kg-node:physics_8a_rjb_cpt11:unit""]}, {""id"": ""n2"", ""type"": ""entity"", ""text"": ""平均速度"", ""weight"": 1.0, ""evidence_refs"": [""kg-edge:normalized:edge:12422""]}, {""id"": ""n3"", ""type"": ""entity"", ""text"": ""瞬时速度"", ""weight"": 1.0, ""evidence_refs"": [""kg-edge:normalized:edge:12541""]}, {""id"": ""n4"", ""type"": ""entity"", ""text"": ""匀速直线运动"", ""weight"": 1.0, ""evidence_refs"": [""kg-edge:normalized:edge:12426""]}, {""id"": ""n5"", ""type"": ""entity"", ""text"": ""变速直线运动"", ""weight"": 1.0, ""evidence_refs"": [""kg-edge:normalized:edge:17196""]}, {""id"": ""n6"", ""type"": ""entity"", ""text"": ""速度—时间图像"", ""weight"": 1.0, ""evidence_refs"": [""kg-edge:normalized:edge:17197""]}, {""id"": ""n7"", ""type"": ""process"", ""text"": ""利用超声波位置传感器测速度"", ""weight"": 1.0, ""evidence_refs"": [""kg-edge:normalized:edge:23061""]}]","[{""id"": ""e1"", ""source"": ""n2"", ""target"": ""n1"", ""relation"": ""is_a"", ""weight"": 1.0, ""evidence_refs"": [""kg-edge:normalized:edge:12422""]}, {""id"": ""e2"", ""source"": ""n3"", ""target"": ""n1"", ""relation"": ""is_a"", ""weight"": 1.0, ""evidence_refs"": [""kg-edge:normalized:edge:12541""]}, {""id"": ""e3"", ""source"": ""n4"", ""target"": ""n1"", ""relation"": ""is_a"", ""weight"": 1.0, ""evidence_refs"": [""kg-edge:normalized:edge:12426""]}, {""id"": ""e4"", ""source"": ""n1"", ""target"": ""n5"", ""relation"": ""requires"", ""weight"": 1.0, ""evidence_refs"": [""kg-edge:normalized:edge:17196""]}, {""id"": ""e5"", ""source"": ""n1"", ""target"": ""n6"", ""relation"": ""requires"", ""weight"": 1.0, ""evidence_refs"": [""kg-edge:normalized:edge:17197""]}, {""id"": ""e6"", ""source"": ""n7"", ""target"": ""n1"", ""relation"": ""verifies"", ""weight"": 1.0, ""evidence_refs"": [""kg-edge:normalized:edge:23061""]}]",,,
physics_8a_rjb_cpt110,physics,像的正倒与大小,law,valid,[],"[{""id"": ""n1"", ""type"": ""condition"", ""text"": ""物距与焦距的关系"", ""weight"": 1.0, ""evidence_refs"": [""kg-node:physics_8a_rjb_cpt110:definition""]}, {""id"": ""n2"", ""type"": ""outcome"", ""text"": ""像的正立或倒立"", ""weight"": 1.0, ""evidence_refs"": [""kg-node:physics_8a_rjb_cpt110:definition""]}, {""id"": ""n3"", ""type"": ""outcome"", ""text"": ""像的放大或缩小"", ""weight"": 1.0, ""evidence_refs"": [""kg-node:physics_8a_rjb_cpt110:definition""]}, {""id"": ""n4"", ""type"": ""entity"", ""text"": ""实像与虚像"", ""weight"": 1.0, ""evidence_refs"": [""kg-edge:normalized:edge:19713""]}]","[{""id"": ""e1"", ""source"": ""n1"", ""target"": ""n2"", ""relation"": ""causes"", ""weight"": 1.0, ""evidence_refs"": [""kg-node:physics_8a_rjb_cpt110:definition""]}, {""id"": ""e2"", ""source"": ""n1"", ""target"": ""n3"", ""relation"": ""causes"", ""weight"": 1.0, ""evidence_refs"": [""kg-node:physics_8a_rjb_cpt110:definition""]}, {""id"": ""e3"", ""source"": ""n4"", ""target"": ""n2"", ""relation"": ""relates_to"", ""weight"": 1.0, ""evidence_refs"": [""kg-edge:normalized:edge:19713""]}, {""id"": ""e4"", ""source"": ""n4"", ""target"": ""n3"", ""relation"": ""relates_to"", ""weight"": 1.0, ""evidence_refs"": [""kg-edge:normalized:edge:19713""]}]",,,
physics_8a_rjb_cpt111,physics,眼睛成像原理,law,valid,[],"[{""id"": ""n1"", ""type"": ""entity"", ""text"": ""晶状体和角膜"", ""weight"": 1.0, ""evidence_refs"": [""kg-node:physics_8a_rjb_cpt111:definition""]}, {""id"": ""n2"", ""type"": ""entity"", ""text"": ""凸透镜"", ""weight"": 1.0, ""evidence_refs"": [""kg-node:physics_8a_rjb_cpt111:definition""]}, {""id"": ""n3"", ""type"": ""entity"", ""text"": ""来自物体的光"", ""weight"": 1.0, ""evidence_refs"": [""kg-node:physics_8a_rjb_cpt111:definition""]}, {""id"": ""n4"", ""type"": ""entity"", ""text"": ""视网膜"", ""weight"": 1.0, ""evidence_refs"": [""kg-node:physics_8a_rjb_cpt111:definition""]}, {""id"": ""n5"", ""type"": ""outcome"", ""text"": ""在视网膜上形成像"", ""weight"": 1.0, ""evidence_refs"": [""kg-node:physics_8a_rjb_cpt111:definition""]}, {""id"": ""n6"", ""type"": ""process"", ""text"": ""眼睛调节"", ""weight"": 0.9, ""evidence_refs"": [""kg-edge:normalized:edge:19714""]}]","[{""id"": ""e1"", ""source"": ""n1"", ""target"": ""n2"", ""relation"": ""is_a"", ""weight"": 1.0, ""evidence_refs"": [""kg-node:physics_8a_rjb_cpt111:definition""]}, {""id"": ""e2"", ""source"": ""n2"", ""target"": ""n3"", ""relation"": ""transforms"", ""weight"": 1.0, ""evidence_refs"": [""kg-node:physics_8a_rjb_cpt111:definition""]}, {""id"": ""e3"", ""source"": ""n3"", ""target"": ""n4"", ""relation"": ""produces"", ""weight"": 1.0, ""evidence_refs"": [""kg-node:physics_8a_rjb_cpt111:definition""]}, {""id"": ""e4"", ""source"": ""n4"", ""target"": ""n5"", ""relation"": ""produces"", ""weight"": 1.0, ""evidence_refs"": [""kg-node:physics_8a_rjb_cpt111:definition""]}, {""id"": ""e5"", ""source"": ""n5"", ""target"": ""n6"", ""relation"": ""relates_to"", ""weight"": 0.9, ""evidence_refs"": [""kg-edge:normalized:edge:19714""]}]",,,
physics_8a_rjb_cpt112,physics,眼睛调节,mechanism,valid,[],"[{""id"": ""n1"", ""type"": ""process"", ""text"": ""眼睛调节：通过睫状体改变晶状体形状，使不同距离物体成像在视网膜上。"", ""weight"": 1.0, ""evidence_refs"": [""kg-node:physics_8a_rjb_cpt112:definition"", ""kg-node:physics_8a_rjb_cpt112:retrieval_text""]}, {""id"": ""n2"", ""type"": ""condition"", ""text"": ""近点"", ""weight"": 1.0, ""evidence_refs"": [""kg-edge:normalized:edge:17199""]}, {""id"": ""n3"", ""type"": ""condition"", ""text"": ""远点"", ""weight"": 1.0, ""evidence_refs"": [""kg-edge:normalized:edge:17198""]}, {""id"": ""n4"", ""type"": ""process"", ""text"": ""眼睛成像原理"", ""weight"": 1.0, ""evidence_refs"": [""kg-edge:normalized:edge:19714""]}]","[{""id"": ""e1"", ""source"": ""n1"", ""target"": ""n2"", ""relation"": ""relates_to"", ""weight"": 1.0, ""evidence_refs"": [""kg-edge:normalized:edge:17199""]}, {""id"": ""e2"", ""source"": ""n1"", ""target"": ""n3"", ""relation"": ""relates_to"", ""weight"": 1.0, ""evidence_refs"": [""kg-edge:normalized:edge:17198""]}, {""id"": ""e3"", ""source"": ""n4"", ""target"": ""n1"", ""relation"": ""relates_to"", ""weight"": 1.0, ""evidence_refs"": [""kg-edge:normalized:edge:19714""]}]",,,
physics_8a_rjb_cpt113,physics,远点,mechanism,valid,[],"[{""id"": ""n1"", ""type"": ""condition"", ""text"": ""眼睛调节"", ""weight"": 1.0, ""evidence_refs"": [""kg-edge:normalized:edge:17198""]}, {""id"": ""n2"", ""type"": ""outcome"", ""text"": ""眼睛依靠调节能看清的最远点"", ""weight"": 1.0, ""evidence_refs"": [""kg-node:physics_8a_rjb_cpt113:definition"", ""kg-node:physics_8a_rjb_cpt113:retrieval_text""]}, {""id"": ""n3"", ""type"": ""state"", ""text"": ""正常眼的远点在无限远"", ""weight"": 1.0, ""evidence_refs"": [""kg-node:physics_8a_rjb_cpt113:definition"", ""kg-node:physics_8a_rjb_cpt113:retrieval_text""]}]","[{""id"": ""e1"", ""source"": ""n1"", ""target"": ""n2"", ""relation"": ""enables"", ""weight"": 1.0, ""evidence_refs"": [""kg-edge:normalized:edge:17198""]}, {""id"": ""e2"", ""source"": ""n2"", ""target"": ""n3"", ""relation"": ""is_a"", ""weight"": 1.0, ""evidence_refs"": [""kg-node:physics_8a_rjb_cpt113:definition"", ""kg-node:physics_8a_rjb_cpt113:retrieval_text""]}]",,,
physics_8a_rjb_cpt114,physics,近点,mechanism,valid,[],"[{""id"": ""n1"", ""type"": ""condition"", ""text"": ""眼睛调节"", ""weight"": 1.0, ""evidence_refs"": [""kg-edge:normalized:edge:17199""]}, {""id"": ""n2"", ""type"": ""outcome"", ""text"": ""近点"", ""weight"": 1.0, ""evidence_refs"": [""kg-node:physics_8a_rjb_cpt114:definition"", ""kg-node:physics_8a_rjb_cpt114:retrieval_text""]}, {""id"": ""n3"", ""type"": ""entity"", ""text"": ""明视距离"", ""weight"": 1.0, ""evidence_refs"": [""kg-edge:normalized:edge:19715""]}]","[{""id"": ""e1"", ""source"": ""n1"", ""target"": ""n2"", ""relation"": ""enables"", ""weight"": 1.0, ""evidence_refs"": [""kg-edge:normalized:edge:17199""]}, {""id"": ""e2"", ""source"": ""n2"", ""target"": ""n3"", ""relation"": ""relates_to"", ""weight"": 1.0, ""evidence_refs"": [""kg-edge:normalized:edge:19715""]}]",,,
physics_8a_rjb_cpt115,physics,明视距离,mechanism,valid,[],"[{""id"": ""n1"", ""type"": ""condition"", ""text"": ""正常眼观察近处物体最清晰而不疲劳的距离"", ""weight"": 1.0, ""evidence_refs"": [""kg-node:physics_8a_rjb_cpt115:definition""]}, {""id"": ""n2"", ""type"": ""entity"", ""text"": ""明视距离"", ""weight"": 1.0, ""evidence_refs"": [""kg-node:physics_8a_rjb_cpt115:name""]}, {""id"": ""n3"", ""type"": ""state"", ""text"": ""约25 cm"", ""weight"": 1.0, ""evidence_refs"": [""kg-node:physics_8a_rjb_cpt115:definition""]}, {""id"": ""n4"", ""type"": ""entity"", ""text"": ""近点"", ""weight"": 0.9, ""evidence_refs"": [""kg-edge:normalized:edge:19715""]}]","[{""id"": ""e1"", ""source"": ""n1"", ""target"": ""n2"", ""relation"": ""is_a"", ""weight"": 1.0, ""evidence_refs"": [""kg-node:physics_8a_rjb_cpt115:definition""]}, {""id"": ""e2"", ""source"": ""n2"", ""target"": ""n3"", ""relation"": ""relates_to"", ""weight"": 1.0, ""evidence_refs"": [""kg-node:physics_8a_rjb_cpt115:definition""]}, {""id"": ""e3"", ""source"": ""n4"", ""target"": ""n2"", ""relation"": ""relates_to"", ""weight"": 0.9, ""evidence_refs"": [""kg-edge:normalized:edge:19715""]}]",,,
physics_8a_rjb_cpt116,physics,近视眼及矫正,mechanism,valid,[],"[{""id"": ""n1"", ""type"": ""condition"", ""text"": ""折光过强或眼球过长"", ""weight"": 1.0, ""evidence_refs"": [""kg-node:physics_8a_rjb_cpt116:definition""]}, {""id"": ""n2"", ""type"": ""outcome"", ""text"": ""远处物体成像在视网膜前"", ""weight"": 1.0, ""evidence_refs"": [""kg-node:physics_8a_rjb_cpt116:definition""]}, {""id"": ""n3"", ""type"": ""process"", ""text"": ""用凹透镜矫正"", ""weight"": 1.0, ""evidence_refs"": [""kg-node:physics_8a_rjb_cpt116:definition""]}, {""id"": ""n4"", ""type"": ""entity"", ""text"": ""透镜焦度"", ""weight"": 0.9, ""evidence_refs"": [""kg-edge:normalized:edge:19716""]}]","[{""id"": ""e1"", ""source"": ""n1"", ""target"": ""n2"", ""relation"": ""causes"", ""weight"": 1.0, ""evidence_refs"": [""kg-node:physics_8a_rjb_cpt116:definition""]}, {""id"": ""e2"", ""source"": ""n2"", ""target"": ""n3"", ""relation"": ""requires"", ""weight"": 1.0, ""evidence_refs"": [""kg-node:physics_8a_rjb_cpt116:definition""]}, {""id"": ""e3"", ""source"": ""n3"", ""target"": ""n4"", ""relation"": ""relates_to"", ""weight"": 0.9, ""evidence_refs"": [""kg-edge:normalized:edge:19716""]}]",,,
