concept_id,subject,canonical_name,concept_type,validation_status,validation_errors,mechanism_nodes,mechanism_edges,review_decision,reviewer,notes
biology_7a_rjb_cpt1,biology,生物,definition,valid,[],"[{""id"": ""n1"", ""type"": ""entity"", ""text"": ""生物"", ""weight"": 1.0, ""evidence_refs"": [""kg-node:biology_7a_rjb_cpt1:definition"", ""kg-node:biology_7a_rjb_cpt1:retrieval_text""]}, {""id"": ""n2"", ""type"": ""process"", ""text"": ""需要营养"", ""weight"": 1.0, ""evidence_refs"": [""kg-node:biology_7a_rjb_cpt3:definition"", ""kg-node:biology_7a_rjb_cpt3:retrieval_text""]}, {""id"": ""n3"", ""type"": ""process"", ""text"": ""能进行呼吸"", ""weight"": 1.0, ""evidence_refs"": [""kg-node:biology_7a_rjb_cpt5:definition"", ""kg-node:biology_7a_rjb_cpt5:retrieval_text""]}, {""id"": ""n4"", ""type"": ""process"", ""text"": ""能排出废物"", ""weight"": 1.0, ""evidence_refs"": [""kg-node:biology_7a_rjb_cpt6:definition"", ""kg-node:biology_7a_rjb_cpt6:retrieval_text""]}, {""id"": ""n5"", ""type"": ""process"", ""text"": ""能生长"", ""weight"": 1.0, ""evidence_refs"": [""kg-node:biology_7a_rjb_cpt8:definition"", ""kg-node:biology_7a_rjb_cpt8:retrieval_text""]}, {""id"": ""n6"", ""type"": ""process"", ""text"": ""能繁殖"", ""weight"": 1.0, ""evidence_refs"": [""kg-node:biology_7a_rjb_cpt9:definition"", ""kg-node:biology_7a_rjb_cpt9:retrieval_text""]}, {""id"": ""n7"", ""type"": ""process"", ""text"": ""具有遗传和变异"", ""weight"": 1.0, ""evidence_refs"": [""kg-node:biology_7a_rjb_cpt10:definition"", ""kg-node:biology_7a_rjb_cpt10:retrieval_text""]}, {""id"": ""n8"", ""type"": ""state"", ""text"": ""由细胞构成（除病毒外）"", ""weight"": 1.0, ""evidence_refs"": [""kg-node:biology_7a_rjb_cpt11:definition"", ""kg-node:biology_7a_rjb_cpt11:retrieval_text"", ""kg-node:biology_7a_rjb_cpt12:definition"", ""kg-node:biology_7a_rjb_cpt12:retrieval_text""]}]","[{""id"": ""e1"", ""source"": ""n1"", ""target"": ""n2"", ""relation"": ""requires"", ""weight"": 1.0, ""evidence_refs"": [""kg-node:biology_7a_rjb_cpt1:definition"", ""kg-node:biology_7a_rjb_cpt3:definition""]}, {""id"": ""e2"", ""source"": ""n1"", ""target"": ""n3"", ""relation"": ""requires"", ""weight"": 1.0, ""evidence_refs"": [""kg-node:biology_7a_rjb_cpt1:definition"", ""kg-node:biology_7a_rjb_cpt5:definition""]}, {""id"": ""e3"", ""source"": ""n1"", ""target"": ""n4"", ""relation"": ""requires"", ""weight"": 1.0, ""evidence_refs"": [""kg-node:biology_7a_rjb_cpt1:definition"", ""kg-node:biology_7a_rjb_cpt6:definition""]}, {""id"": ""e4"", ""source"": ""n1"", ""target"": ""n5"", ""relation"": ""requires"", ""weight"": 1.0, ""evidence_refs"": [""kg-node:biology_7a_rjb_cpt1:definition"", ""kg-node:biology_7a_rjb_cpt8:definition""]}, {""id"": ""e5"", ""source"": ""n1"", ""target"": ""n6"", ""relation"": ""requires"", ""weight"": 1.0, ""evidence_refs"": [""kg-node:biology_7a_rjb_cpt1:definition"", ""kg-node:biology_7a_rjb_cpt9:definition""]}, {""id"": ""e6"", ""source"": ""n1"", ""target"": ""n7"", ""relation"": ""requires"", ""weight"": 1.0, ""evidence_refs"": [""kg-node:biology_7a_rjb_cpt1:definition"", ""kg-node:biology_7a_rjb_cpt10:definition""]}, {""id"": ""e7"", ""source"": ""n1"", ""target"": ""n8"", ""relation"": ""requires"", ""weight"": 1.0, ""evidence_refs"": [""kg-node:biology_7a_rjb_cpt1:definition"", ""kg-node:biology_7a_rjb_cpt11:definition"", ""kg-node:biology_7a_rjb_cpt12:definition""]}]",,,
biology_7a_rjb_cpt10,biology,遗传和变异,definition,valid,[],"[{""id"": ""n1"", ""type"": ""process"", ""text"": ""子代与亲代在很多方面表现出相同特征（遗传），但总有一部分特征不相同（变异）的现象"", ""weight"": 1.0, ""evidence_refs"": [""kg-node:biology_7a_rjb_cpt10:definition""]}, {""id"": ""n2"", ""type"": ""entity"", ""text"": ""生物的共同特征：一组典型生命表现，包括生活需要营养、能进行呼吸、能排出废物、能对外界刺激作出反应、能生长和繁殖、具有遗传和变异等"", ""weight"": 1.0, ""evidence_refs"": [""kg-node:biology_7a_rjb_cpt2:definition""]}]","[{""id"": ""e1"", ""source"": ""n1"", ""target"": ""n2"", ""relation"": ""is_a"", ""weight"": 1.0, ""evidence_refs"": [""kg-edge:normalized:edge:10771""]}]",,,
biology_7a_rjb_cpt100,biology,苔藓植物是监测空气污染的指示植物,definition,valid,[],"[{""id"": ""n1"", ""type"": ""condition"", ""text"": ""许多苔藓植物叶只有一层细胞"", ""weight"": 1.0, ""evidence_refs"": [""kg-node:biology_7a_rjb_cpt100:definition"", ""kg-node:biology_7a_rjb_cpt100:retrieval_text""]}, {""id"": ""n2"", ""type"": ""condition"", ""text"": ""二氧化硫等有毒气体可从背腹两面侵入细胞威胁生存"", ""weight"": 1.0, ""evidence_refs"": [""kg-node:biology_7a_rjb_cpt100:definition"", ""kg-node:biology_7a_rjb_cpt100:retrieval_text""]}, {""id"": ""n3"", ""type"": ""entity"", ""text"": ""苔藓植物"", ""weight"": 1.0, ""evidence_refs"": [""kg-node:biology_7a_rjb_cpt82:definition"", ""kg-node:biology_7a_rjb_cpt82:retrieval_text""]}, {""id"": ""n4"", ""type"": ""outcome"", ""text"": ""可用作监测空气污染程度的指示植物"", ""weight"": 1.0, ""evidence_refs"": [""kg-node:biology_7a_rjb_cpt100:definition"", ""kg-node:biology_7a_rjb_cpt100:retrieval_text""]}]","[{""id"": ""e1"", ""source"": ""n1"", ""target"": ""n2"", ""relation"": ""enables"", ""weight"": 1.0, ""evidence_refs"": [""kg-node:biology_7a_rjb_cpt100:definition"", ""kg-node:biology_7a_rjb_cpt100:retrieval_text""]}, {""id"": ""e2"", ""source"": ""n3"", ""target"": ""n1"", ""relation"": ""is_a"", ""weight"": 1.0, ""evidence_refs"": [""kg-node:biology_7a_rjb_cpt100:definition"", ""kg-node:biology_7a_rjb_cpt100:retrieval_text""]}, {""id"": ""e3"", ""source"": ""n2"", ""target"": ""n4"", ""relation"": ""causes"", ""weight"": 1.0, ""evidence_refs"": [""kg-node:biology_7a_rjb_cpt100:definition"", ""kg-node:biology_7a_rjb_cpt100:retrieval_text""]}]",,,
biology_7a_rjb_cpt101,biology,种子萌发,process,valid,[],"[{""id"": ""n1"", ""type"": ""process"", ""text"": ""种子在适宜条件下吸水并利用贮藏营养，使胚根、胚芽等开始发育，最终长成幼苗的过程。"", ""weight"": 1.0, ""evidence_refs"": [""kg-node:biology_7a_rjb_cpt101:definition""]}, {""id"": ""n2"", ""type"": ""condition"", ""text"": ""种子萌发所必需的外界条件，包括适宜的温度、一定的水分和充足的空气（氧气）。"", ""weight"": 1.0, ""evidence_refs"": [""kg-node:biology_7a_rjb_cpt102:definition""]}, {""id"": ""n3"", ""type"": ""condition"", ""text"": ""种子本身能否萌发取决于胚是否完整且有活性、种子是否处于休眠等内部因素；干瘪、胚被虫咬坏、胚死亡或处于休眠的种子不能萌发。"", ""weight"": 1.0, ""evidence_refs"": [""kg-node:biology_7a_rjb_cpt106:definition""]}]","[{""id"": ""e1"", ""source"": ""n2"", ""target"": ""n1"", ""relation"": ""enables"", ""weight"": 1.0, ""evidence_refs"": [""kg-edge:normalized:edge:14133""]}, {""id"": ""e2"", ""source"": ""n3"", ""target"": ""n1"", ""relation"": ""enables"", ""weight"": 1.0, ""evidence_refs"": [""kg-edge:normalized:edge:14134""]}]",,,
biology_7a_rjb_cpt102,biology,种子萌发的环境条件,definition,valid,[],"[{""id"": ""n1"", ""type"": ""condition"", ""text"": ""种子萌发的环境条件"", ""weight"": 1.0, ""evidence_refs"": [""kg-node:biology_7a_rjb_cpt102:definition"", ""kg-node:biology_7a_rjb_cpt102:retrieval_text""]}, {""id"": ""n2"", ""type"": ""process"", ""text"": ""种子萌发"", ""weight"": 1.0, ""evidence_refs"": [""kg-node:biology_7a_rjb_cpt101:definition"", ""kg-node:biology_7a_rjb_cpt101:retrieval_text""]}, {""id"": ""n3"", ""type"": ""condition"", ""text"": ""适宜的温度"", ""weight"": 1.0, ""evidence_refs"": [""kg-node:biology_7a_rjb_cpt103:definition"", ""kg-node:biology_7a_rjb_cpt103:retrieval_text""]}, {""id"": ""n4"", ""type"": ""condition"", ""text"": ""一定的水分"", ""weight"": 1.0, ""evidence_refs"": [""kg-node:biology_7a_rjb_cpt104:definition"", ""kg-node:biology_7a_rjb_cpt104:retrieval_text""]}, {""id"": ""n5"", ""type"": ""condition"", ""text"": ""充足的空气（氧气）"", ""weight"": 1.0, ""evidence_refs"": [""kg-node:biology_7a_rjb_cpt105:definition"", ""kg-node:biology_7a_rjb_cpt105:retrieval_text""]}, {""id"": ""n6"", ""type"": ""evidence"", ""text"": ""探究种子萌发的环境条件（四瓶对照实验）"", ""weight"": 1.0, ""evidence_refs"": [""kg-node:biology_7a_rjb_exp9:conclusion"", ""kg-node:biology_7a_rjb_exp9:retrieval_text""]}]","[{""id"": ""e1"", ""source"": ""n1"", ""target"": ""n2"", ""relation"": ""enables"", ""weight"": 1.0, ""evidence_refs"": [""kg-edge:normalized:edge:14133""]}, {""id"": ""e2"", ""source"": ""n3"", ""target"": ""n1"", ""relation"": ""is_a"", ""weight"": 1.0, ""evidence_refs"": [""kg-edge:normalized:edge:10773""]}, {""id"": ""e3"", ""source"": ""n4"", ""target"": ""n1"", ""relation"": ""is_a"", ""weight"": 1.0, ""evidence_refs"": [""kg-edge:normalized:edge:10774""]}, {""id"": ""e4"", ""source"": ""n5"", ""target"": ""n1"", ""relation"": ""is_a"", ""weight"": 1.0, ""evidence_refs"": [""kg-edge:normalized:edge:10775""]}, {""id"": ""e5"", ""source"": ""n6"", ""target"": ""n1"", ""relation"": ""verifies"", ""weight"": 1.0, ""evidence_refs"": [""kg-edge:normalized:edge:22413""]}]",,,
biology_7a_rjb_cpt103,biology,适宜的温度,definition,valid,[],"[{""id"": ""n1"", ""type"": ""condition"", ""text"": ""适宜的温度"", ""weight"": 1.0, ""evidence_refs"": [""kg-node:biology_7a_rjb_cpt103:definition"", ""kg-node:biology_7a_rjb_cpt103:retrieval_text""]}, {""id"": ""n2"", ""type"": ""condition"", ""text"": ""种子萌发的环境条件"", ""weight"": 1.0, ""evidence_refs"": [""kg-node:biology_7a_rjb_cpt102:definition"", ""kg-node:biology_7a_rjb_cpt102:retrieval_text""]}, {""id"": ""n3"", ""type"": ""process"", ""text"": ""种子萌发生理活动"", ""weight"": 1.0, ""evidence_refs"": [""kg-node:biology_7a_rjb_cpt103:definition""]}, {""id"": ""n4"", ""type"": ""outcome"", ""text"": ""种子完成萌发"", ""weight"": 1.0, ""evidence_refs"": [""kg-node:biology_7a_rjb_cpt103:definition""]}, {""id"": ""n5"", ""type"": ""state"", ""text"": ""温度过低"", ""weight"": 1.0, ""evidence_refs"": [""kg-node:biology_7a_rjb_cpt103:definition"", ""kg-node:biology_7a_rjb_cpt102:examples""]}, {""id"": ""n6"", ""type"": ""outcome"", ""text"": ""抑制萌发"", ""weight"": 1.0, ""evidence_refs"": [""kg-node:biology_7a_rjb_cpt103:definition""]}]","[{""id"": ""e1"", ""source"": ""n1"", ""target"": ""n2"", ""relation"": ""is_a"", ""weight"": 1.0, ""evidence_refs"": [""kg-edge:normalized:edge:10773""]}, {""id"": ""e2"", ""source"": ""n1"", ""target"": ""n3"", ""relation"": ""enables"", ""weight"": 1.0, ""evidence_refs"": [""kg-node:biology_7a_rjb_cpt103:definition""]}, {""id"": ""e3"", ""source"": ""n3"", ""target"": ""n4"", ""relation"": ""produces"", ""weight"": 1.0, ""evidence_refs"": [""kg-node:biology_7a_rjb_cpt103:definition""]}, {""id"": ""e4"", ""source"": ""n5"", ""target"": ""n3"", ""relation"": ""constrains"", ""weight"": 1.0, ""evidence_refs"": [""kg-node:biology_7a_rjb_cpt103:definition""]}, {""id"": ""e5"", ""source"": ""n5"", ""target"": ""n6"", ""relation"": ""causes"", ""weight"": 1.0, ""evidence_refs"": [""kg-node:biology_7a_rjb_cpt103:definition""]}]",,,
biology_7a_rjb_cpt104,biology,一定的水分,definition,valid,[],"[{""id"": ""n1"", ""type"": ""condition"", ""text"": ""种子萌发所需的适量水分条件"", ""weight"": 1.0, ""evidence_refs"": [""kg-node:biology_7a_rjb_cpt104:definition"", ""kg-node:biology_7a_rjb_cpt104:retrieval_text""]}, {""id"": ""n2"", ""type"": ""condition"", ""text"": ""种子萌发所必需的外界条件，包括适宜的温度、一定的水分和充足的空气（氧气）"", ""weight"": 1.0, ""evidence_refs"": [""kg-node:biology_7a_rjb_cpt102:definition"", ""kg-node:biology_7a_rjb_cpt102:retrieval_text""]}, {""id"": ""n3"", ""type"": ""outcome"", ""text"": ""种子萌发"", ""weight"": 1.0, ""evidence_refs"": [""kg-node:biology_7a_rjb_cpt102:definition"", ""kg-node:biology_7a_rjb_cpt102:retrieval_text""]}, {""id"": ""n4"", ""type"": ""state"", ""text"": ""水分不足不利于萌发"", ""weight"": 0.8, ""evidence_refs"": [""kg-node:biology_7a_rjb_cpt104:definition"", ""kg-node:biology_7a_rjb_cpt104:retrieval_text""]}, {""id"": ""n5"", ""type"": ""state"", ""text"": ""水分过多可能导致种子霉烂或缺氧"", ""weight"": 0.8, ""evidence_refs"": [""kg-node:biology_7a_rjb_cpt104:definition"", ""kg-node:biology_7a_rjb_cpt104:retrieval_text""]}]","[{""id"": ""e1"", ""source"": ""n1"", ""target"": ""n2"", ""relation"": ""is_a"", ""weight"": 1.0, ""evidence_refs"": [""kg-edge:normalized:edge:10774""]}, {""id"": ""e2"", ""source"": ""n2"", ""target"": ""n3"", ""relation"": ""enables"", ""weight"": 1.0, ""evidence_refs"": [""kg-node:biology_7a_rjb_cpt102:definition"", ""kg-node:biology_7a_rjb_cpt102:retrieval_text""]}, {""id"": ""e3"", ""source"": ""n4"", ""target"": ""n3"", ""relation"": ""constrains"", ""weight"": 0.8, ""evidence_refs"": [""kg-node:biology_7a_rjb_cpt104:definition"", ""kg-node:biology_7a_rjb_cpt104:retrieval_text""]}, {""id"": ""e4"", ""source"": ""n5"", ""target"": ""n3"", ""relation"": ""constrains"", ""weight"": 0.8, ""evidence_refs"": [""kg-node:biology_7a_rjb_cpt104:definition"", ""kg-node:biology_7a_rjb_cpt104:retrieval_text""]}]",,,
biology_7a_rjb_cpt105,biology,充足的空气（氧气）,definition,valid,[],"[{""id"": ""n1"", ""type"": ""condition"", ""text"": ""充足的空气（氧气）"", ""weight"": 1.0, ""evidence_refs"": [""kg-node:biology_7a_rjb_cpt105:definition"", ""kg-node:biology_7a_rjb_cpt105:retrieval_text""]}, {""id"": ""n2"", ""type"": ""condition"", ""text"": ""种子萌发的环境条件"", ""weight"": 1.0, ""evidence_refs"": [""kg-node:biology_7a_rjb_cpt102:definition"", ""kg-node:biology_7a_rjb_cpt102:retrieval_text""]}, {""id"": ""n3"", ""type"": ""process"", ""text"": ""种子萌发需要有空气以保证呼吸等生命活动"", ""weight"": 1.0, ""evidence_refs"": [""kg-node:biology_7a_rjb_cpt105:definition"", ""kg-node:biology_7a_rjb_cpt105:retrieval_text""]}, {""id"": ""n4"", ""type"": ""outcome"", ""text"": ""种子萌发"", ""weight"": 1.0, ""evidence_refs"": [""kg-node:biology_7a_rjb_cpt105:definition"", ""kg-node:biology_7a_rjb_cpt102:definition""]}]","[{""id"": ""e1"", ""source"": ""n1"", ""target"": ""n2"", ""relation"": ""is_a"", ""weight"": 1.0, ""evidence_refs"": [""kg-edge:normalized:edge:10775""]}, {""id"": ""e2"", ""source"": ""n1"", ""target"": ""n3"", ""relation"": ""enables"", ""weight"": 1.0, ""evidence_refs"": [""kg-node:biology_7a_rjb_cpt105:definition"", ""kg-node:biology_7a_rjb_cpt105:retrieval_text""]}, {""id"": ""e3"", ""source"": ""n3"", ""target"": ""n4"", ""relation"": ""produces"", ""weight"": 1.0, ""evidence_refs"": [""kg-node:biology_7a_rjb_cpt105:definition"", ""kg-node:biology_7a_rjb_cpt102:definition""]}]",,,
biology_7a_rjb_cpt106,biology,种子萌发的自身条件,definition,valid,[],"[{""id"": ""n1"", ""type"": ""condition"", ""text"": ""种子萌发的自身条件：胚完整且有活性、种子未处于休眠"", ""weight"": 1.0, ""evidence_refs"": [""kg-node:biology_7a_rjb_cpt106:definition"", ""kg-node:biology_7a_rjb_cpt106:retrieval_text""]}, {""id"": ""n2"", ""type"": ""process"", ""text"": ""种子萌发：种子在适宜条件下吸水并利用贮藏营养，使胚根、胚芽等开始发育，最终长成幼苗的过程"", ""weight"": 1.0, ""evidence_refs"": [""kg-node:biology_7a_rjb_cpt101:definition"", ""kg-node:biology_7a_rjb_cpt101:retrieval_text""]}, {""id"": ""n3"", ""type"": ""state"", ""text"": ""种子休眠：种子成熟后在一段时期内即使环境适宜也不能萌发的现象"", ""weight"": 1.0, ""evidence_refs"": [""kg-node:biology_7a_rjb_cpt107:definition"", ""kg-node:biology_7a_rjb_cpt107:retrieval_text""]}]","[{""id"": ""e1"", ""source"": ""n1"", ""target"": ""n2"", ""relation"": ""enables"", ""weight"": 1.0, ""evidence_refs"": [""kg-edge:normalized:edge:14134"", ""kg-edge:normalized:edge:10776""]}, {""id"": ""e2"", ""source"": ""n3"", ""target"": ""n1"", ""relation"": ""is_a"", ""weight"": 1.0, ""evidence_refs"": [""kg-edge:normalized:edge:10777""]}]",,,
biology_7a_rjb_cpt107,biology,种子休眠,definition,valid,[],"[{""id"": ""n1"", ""type"": ""condition"", ""text"": ""种子成熟后在一段时期内即使环境适宜也不能萌发"", ""weight"": 1.0, ""evidence_refs"": [""kg-node:biology_7a_rjb_cpt107:definition"", ""kg-node:biology_7a_rjb_cpt107:retrieval_text""]}, {""id"": ""n2"", ""type"": ""outcome"", ""text"": ""有助于植物躲过不利季节（如严冬）"", ""weight"": 1.0, ""evidence_refs"": [""kg-node:biology_7a_rjb_cpt107:definition"", ""kg-node:biology_7a_rjb_cpt107:retrieval_text""]}, {""id"": ""n3"", ""type"": ""state"", ""text"": ""种子处于休眠"", ""weight"": 1.0, ""evidence_refs"": [""kg-node:biology_7a_rjb_cpt106:definition"", ""kg-node:biology_7a_rjb_cpt106:retrieval_text""]}, {""id"": ""n4"", ""type"": ""condition"", ""text"": ""胚完整且有活性"", ""weight"": 1.0, ""evidence_refs"": [""kg-node:biology_7a_rjb_cpt106:definition"", ""kg-node:biology_7a_rjb_cpt106:retrieval_text""]}, {""id"": ""n5"", ""type"": ""condition"", ""text"": ""种子未处于休眠"", ""weight"": 1.0, ""evidence_refs"": [""kg-node:biology_7a_rjb_cpt106:definition"", ""kg-node:biology_7a_rjb_cpt106:retrieval_text""]}, {""id"": ""n6"", ""type"": ""outcome"", ""text"": ""种子不能萌发"", ""weight"": 1.0, ""evidence_refs"": [""kg-node:biology_7a_rjb_cpt106:definition"", ""kg-node:biology_7a_rjb_cpt106:retrieval_text""]}]","[{""id"": ""e1"", ""source"": ""n1"", ""target"": ""n2"", ""relation"": ""causes"", ""weight"": 1.0, ""evidence_refs"": [""kg-node:biology_7a_rjb_cpt107:definition"", ""kg-node:biology_7a_rjb_cpt107:retrieval_text""]}, {""id"": ""e2"", ""source"": ""n3"", ""target"": ""n1"", ""relation"": ""is_a"", ""weight"": 1.0, ""evidence_refs"": [""kg-edge:normalized:edge:10777"", ""kg-node:biology_7a_rjb_cpt106:definition"", ""kg-node:biology_7a_rjb_cpt106:retrieval_text""]}, {""id"": ""e3"", ""source"": ""n4"", ""target"": ""n5"", ""relation"": ""requires"", ""weight"": 1.0, ""evidence_refs"": [""kg-node:biology_7a_rjb_cpt106:definition"", ""kg-node:biology_7a_rjb_cpt106:retrieval_text""]}, {""id"": ""e4"", ""source"": ""n5"", ""target"": ""n6"", ""relation"": ""enables"", ""weight"": 1.0, ""evidence_refs"": [""kg-node:biology_7a_rjb_cpt106:definition"", ""kg-node:biology_7a_rjb_cpt106:retrieval_text""]}, {""id"": ""e5"", ""source"": ""n3"", ""target"": ""n6"", ""relation"": ""causes"", ""weight"": 1.0, ""evidence_refs"": [""kg-node:biology_7a_rjb_cpt106:definition"", ""kg-node:biology_7a_rjb_cpt106:retrieval_text""]}]",,,
biology_7a_rjb_cpt108,biology,种子萌发的过程,process,valid,[],"[{""id"": ""n1"", ""type"": ""condition"", ""text"": ""种子吸收水分"", ""weight"": 1.0, ""evidence_refs"": [""kg-node:biology_7a_rjb_cpt108:definition"", ""kg-node:biology_7a_rjb_cpt108:retrieval_text""]}, {""id"": ""n2"", ""type"": ""process"", ""text"": ""子叶或胚乳中的营养物质转运给胚根、胚芽、胚轴"", ""weight"": 1.0, ""evidence_refs"": [""kg-node:biology_7a_rjb_cpt108:definition"", ""kg-node:biology_7a_rjb_cpt108:retrieval_text""]}, {""id"": ""n3"", ""type"": ""process"", ""text"": ""胚根突破种皮形成根"", ""weight"": 1.0, ""evidence_refs"": [""kg-node:biology_7a_rjb_cpt108:definition"", ""kg-node:biology_7a_rjb_cpt108:retrieval_text""]}, {""id"": ""n4"", ""type"": ""process"", ""text"": ""胚轴伸长"", ""weight"": 1.0, ""evidence_refs"": [""kg-node:biology_7a_rjb_cpt108:definition"", ""kg-node:biology_7a_rjb_cpt108:retrieval_text""]}, {""id"": ""n5"", ""type"": ""process"", ""text"": ""胚芽发育成茎和叶"", ""weight"": 1.0, ""evidence_refs"": [""kg-node:biology_7a_rjb_cpt108:definition"", ""kg-node:biology_7a_rjb_cpt108:retrieval_text""]}, {""id"": ""n6"", ""type"": ""entity"", ""text"": ""种子萌发"", ""weight"": 1.0, ""evidence_refs"": [""kg-node:biology_7a_rjb_cpt101:definition"", ""kg-node:biology_7a_rjb_cpt101:retrieval_text""]}]","[{""id"": ""e1"", ""source"": ""n1"", ""target"": ""n2"", ""relation"": ""enables"", ""weight"": 1.0, ""evidence_refs"": [""kg-node:biology_7a_rjb_cpt108:definition"", ""kg-node:biology_7a_rjb_cpt108:retrieval_text""]}, {""id"": ""e2"", ""source"": ""n2"", ""target"": ""n3"", ""relation"": ""enables"", ""weight"": 1.0, ""evidence_refs"": [""kg-node:biology_7a_rjb_cpt108:definition"", ""kg-node:biology_7a_rjb_cpt108:retrieval_text""]}, {""id"": ""e3"", ""source"": ""n2"", ""target"": ""n4"", ""relation"": ""enables"", ""weight"": 1.0, ""evidence_refs"": [""kg-node:biology_7a_rjb_cpt108:definition"", ""kg-node:biology_7a_rjb_cpt108:retrieval_text""]}, {""id"": ""e4"", ""source"": ""n2"", ""target"": ""n5"", ""relation"": ""enables"", ""weight"": 1.0, ""evidence_refs"": [""kg-node:biology_7a_rjb_cpt108:definition"", ""kg-node:biology_7a_rjb_cpt108:retrieval_text""]}, {""id"": ""e5"", ""source"": ""n6"", ""target"": ""n1"", ""relation"": ""relates_to"", ""weight"": 1.0, ""evidence_refs"": [""kg-node:biology_7a_rjb_cpt101:definition"", ""kg-node:biology_7a_rjb_cpt101:retrieval_text""]}]",,,
biology_7a_rjb_cpt109,biology,发芽率,definition,valid,[],"[{""id"": ""n1"", ""type"": ""entity"", ""text"": ""供检测的种子中能够萌发的比例，用来评价种子质量并指导播种"", ""weight"": 1.0, ""evidence_refs"": [""kg-node:biology_7a_rjb_cpt109:definition""]}, {""id"": ""n2"", ""type"": ""rule"", ""text"": ""发芽率 = 发芽的种子数 / 供检测的种子数 × 100%"", ""weight"": 1.0, ""evidence_refs"": [""kg-node:biology_7a_rjb_cpt109:formula""]}, {""id"": ""n3"", ""type"": ""process"", ""text"": ""培养皿内铺滤纸/纱布并加水保持湿润，均匀摆放一定数量（示例100粒）种子；每天观察一次记录萌发粒数，连续约7天；重复测定多次并取平均"", ""weight"": 1.0, ""evidence_refs"": [""kg-node:biology_7a_rjb_exp10:process""]}, {""id"": ""n4"", ""type"": ""outcome"", ""text"": ""按发芽率公式计算并用平均值作为测定结果，为播种提供依据"", ""weight"": 1.0, ""evidence_refs"": [""kg-node:biology_7a_rjb_exp10:conclusion""]}, {""id"": ""n5"", ""type"": ""condition"", ""text"": ""直径约10厘米培养皿；滤纸或纱布（2~4层）；适量清水；待测种子（示例100粒）；记录表"", ""weight"": 1.0, ""evidence_refs"": [""kg-node:biology_7a_rjb_exp10:instrument""]}]","[{""id"": ""e1"", ""source"": ""n5"", ""target"": ""n3"", ""relation"": ""enables"", ""weight"": 1.0, ""evidence_refs"": [""kg-node:biology_7a_rjb_exp10:instrument"", ""kg-node:biology_7a_rjb_exp10:process""]}, {""id"": ""e2"", ""source"": ""n3"", ""target"": ""n4"", ""relation"": ""produces"", ""weight"": 1.0, ""evidence_refs"": [""kg-node:biology_7a_rjb_exp10:process"", ""kg-node:biology_7a_rjb_exp10:conclusion""]}, {""id"": ""e3"", ""source"": ""n4"", ""target"": ""n1"", ""relation"": ""verifies"", ""weight"": 1.0, ""evidence_refs"": [""kg-edge:normalized:edge:22391""]}, {""id"": ""e4"", ""source"": ""n1"", ""target"": ""n2"", ""relation"": ""relates_to"", ""weight"": 1.0, ""evidence_refs"": [""kg-node:biology_7a_rjb_cpt109:definition"", ""kg-node:biology_7a_rjb_cpt109:formula""]}]",,,
biology_7a_rjb_cpt11,biology,细胞,process,valid,[],"[{""id"": ""n1"", ""type"": ""process"", ""text"": ""细胞是生物体的结构和功能的基本单位；具有相对独立的生命活动，并与其他细胞共同作用构成整体生命活动的基础单位。"", ""weight"": 1.0, ""evidence_refs"": [""kg-node:biology_7a_rjb_cpt11:definition""]}, {""id"": ""n2"", ""type"": ""entity"", ""text"": ""组织是由形态相似、结构和功能相同的细胞联合在一起形成的细胞群。"", ""weight"": 1.0, ""evidence_refs"": [""kg-node:biology_7a_rjb_cpt68:definition""]}, {""id"": ""n3"", ""type"": ""state"", ""text"": ""细胞是生命活动的基本单位：生物的生长、发育、生殖以及各种生理现象等生命活动的基础都需要到细胞层面去解释，生命活动离不开细胞。"", ""weight"": 1.0, ""evidence_refs"": [""kg-node:biology_bx1_rjb_cpt1:definition""]}, {""id"": ""n4"", ""type"": ""state"", ""text"": ""细胞是基本的生命系统：细胞是由多种组分相互作用、相互配合构成的有生命的系统，并且在各层次生命系统中处于最基本层次。"", ""weight"": 1.0, ""evidence_refs"": [""kg-node:biology_bx1_rjb_cpt2:definition""]}, {""id"": ""n5"", ""type"": ""entity"", ""text"": ""病毒是一种特殊的生物类群；教材指出病毒是“除病毒以外，生物都是由细胞构成”的例外。"", ""weight"": 1.0, ""evidence_refs"": [""kg-node:biology_7a_rjb_cpt12:definition""]}]","[{""id"": ""e1"", ""source"": ""n1"", ""target"": ""n2"", ""relation"": ""produces"", ""weight"": 1.0, ""evidence_refs"": [""kg-edge:normalized:edge:14135""]}, {""id"": ""e2"", ""source"": ""n1"", ""target"": ""n3"", ""relation"": ""enables"", ""weight"": 1.0, ""evidence_refs"": [""kg-edge:normalized:edge:14136""]}, {""id"": ""e3"", ""source"": ""n1"", ""target"": ""n4"", ""relation"": ""enables"", ""weight"": 1.0, ""evidence_refs"": [""kg-edge:normalized:edge:14137""]}, {""id"": ""e4"", ""source"": ""n1"", ""target"": ""n5"", ""relation"": ""relates_to"", ""weight"": 1.0, ""evidence_refs"": [""kg-edge:normalized:edge:17836""]}]",,,
biology_7a_rjb_cpt110,biology,抽样检测,definition,valid,[],"[{""id"": ""n1"", ""type"": ""process"", ""text"": ""从检测对象总体中抽取少量个体作为样本进行检测，并用样本结果反映总体情况"", ""weight"": 1.0, ""evidence_refs"": [""kg-node:biology_7a_rjb_cpt110:definition""]}, {""id"": ""n2"", ""type"": ""condition"", ""text"": ""抽样需避免主观影响、样本量适当并尽量随机"", ""weight"": 1.0, ""evidence_refs"": [""kg-node:biology_7a_rjb_cpt110:definition""]}, {""id"": ""n3"", ""type"": ""entity"", ""text"": ""测定种子的发芽率（培养皿样本检测）"", ""weight"": 1.0, ""evidence_refs"": [""kg-node:biology_7a_rjb_exp10:name""]}, {""id"": ""n4"", ""type"": ""process"", ""text"": ""培养皿内铺滤纸/纱布并加水保持湿润，均匀摆放一定数量（示例100粒）种子；每天观察一次记录萌发粒数，连续约7天；重复测定多次并取平均"", ""weight"": 1.0, ""evidence_refs"": [""kg-node:biology_7a_rjb_exp10:process""]}, {""id"": ""n5"", ""type"": ""outcome"", ""text"": ""按发芽率公式计算并用平均值作为测定结果，为播种提供依据"", ""weight"": 1.0, ""evidence_refs"": [""kg-node:biology_7a_rjb_exp10:conclusion""]}]","[{""id"": ""e1"", ""source"": ""n1"", ""target"": ""n3"", ""relation"": ""enables"", ""weight"": 1.0, ""evidence_refs"": [""kg-edge:normalized:edge:14138""]}, {""id"": ""e2"", ""source"": ""n2"", ""target"": ""n1"", ""relation"": ""constrains"", ""weight"": 1.0, ""evidence_refs"": [""kg-node:biology_7a_rjb_cpt110:definition""]}, {""id"": ""e3"", ""source"": ""n3"", ""target"": ""n4"", ""relation"": ""is_a"", ""weight"": 1.0, ""evidence_refs"": [""kg-node:biology_7a_rjb_exp10:process""]}, {""id"": ""e4"", ""source"": ""n4"", ""target"": ""n5"", ""relation"": ""produces"", ""weight"": 1.0, ""evidence_refs"": [""kg-node:biology_7a_rjb_exp10:conclusion""]}]",,,
biology_7a_rjb_cpt111,biology,花的基本结构,definition,valid,[],"[{""id"": ""n1"", ""type"": ""entity"", ""text"": ""花的基本结构"", ""weight"": 1.0, ""evidence_refs"": [""kg-node:biology_7a_rjb_cpt111:definition"", ""kg-node:biology_7a_rjb_cpt111:retrieval_text""]}, {""id"": ""n2"", ""type"": ""entity"", ""text"": ""雄蕊"", ""weight"": 1.0, ""evidence_refs"": [""kg-node:biology_7a_rjb_cpt112:definition"", ""kg-node:biology_7a_rjb_cpt112:retrieval_text""]}, {""id"": ""n3"", ""type"": ""entity"", ""text"": ""雌蕊"", ""weight"": 1.0, ""evidence_refs"": [""kg-node:biology_7a_rjb_cpt113:definition"", ""kg-node:biology_7a_rjb_cpt113:retrieval_text""]}, {""id"": ""n4"", ""type"": ""entity"", ""text"": ""花柄、花托、萼片、花瓣"", ""weight"": 0.5, ""evidence_refs"": [""kg-node:biology_7a_rjb_cpt111:definition""]}]","[{""id"": ""e1"", ""source"": ""n1"", ""target"": ""n2"", ""relation"": ""part_of"", ""weight"": 1.0, ""evidence_refs"": [""kg-node:biology_7a_rjb_cpt111:definition"", ""kg-node:biology_7a_rjb_cpt112:definition""]}, {""id"": ""e2"", ""source"": ""n1"", ""target"": ""n3"", ""relation"": ""part_of"", ""weight"": 1.0, ""evidence_refs"": [""kg-node:biology_7a_rjb_cpt111:definition"", ""kg-node:biology_7a_rjb_cpt113:definition""]}, {""id"": ""e3"", ""source"": ""n1"", ""target"": ""n4"", ""relation"": ""part_of"", ""weight"": 0.5, ""evidence_refs"": [""kg-node:biology_7a_rjb_cpt111:definition""]}]",,,
biology_7a_rjb_cpt112,biology,雄蕊,definition,valid,[],"[{""id"": ""n1"", ""type"": ""entity"", ""text"": ""雄蕊"", ""weight"": 1.0, ""evidence_refs"": [""kg-node:biology_7a_rjb_cpt112:definition"", ""kg-node:biology_7a_rjb_cpt112:name"", ""kg-node:biology_7a_rjb_cpt112:retrieval_text""]}, {""id"": ""n2"", ""type"": ""entity"", ""text"": ""花"", ""weight"": 0.8, ""evidence_refs"": [""kg-node:biology_7a_rjb_cpt112:definition"", ""kg-node:biology_7a_rjb_cpt112:retrieval_text""]}, {""id"": ""n3"", ""type"": ""entity"", ""text"": ""花药"", ""weight"": 0.8, ""evidence_refs"": [""kg-node:biology_7a_rjb_cpt112:definition"", ""kg-node:biology_7a_rjb_cpt112:retrieval_text""]}, {""id"": ""n4"", ""type"": ""entity"", ""text"": ""花粉"", ""weight"": 0.8, ""evidence_refs"": [""kg-node:biology_7a_rjb_cpt112:definition"", ""kg-node:biology_7a_rjb_cpt112:retrieval_text""]}, {""id"": ""n5"", ""type"": ""state"", ""text"": ""雄性生殖结构"", ""weight"": 0.9, ""evidence_refs"": [""kg-node:biology_7a_rjb_cpt112:definition"", ""kg-node:biology_7a_rjb_cpt112:retrieval_text""]}]","[{""id"": ""e1"", ""source"": ""n1"", ""target"": ""n2"", ""relation"": ""part_of"", ""weight"": 1.0, ""evidence_refs"": [""kg-node:biology_7a_rjb_cpt112:definition"", ""kg-node:biology_7a_rjb_cpt112:retrieval_text""]}, {""id"": ""e2"", ""source"": ""n1"", ""target"": ""n3"", ""relation"": ""part_of"", ""weight"": 1.0, ""evidence_refs"": [""kg-node:biology_7a_rjb_cpt112:definition"", ""kg-node:biology_7a_rjb_cpt112:retrieval_text""]}, {""id"": ""e3"", ""source"": ""n4"", ""target"": ""n3"", ""relation"": ""part_of"", ""weight"": 1.0, ""evidence_refs"": [""kg-node:biology_7a_rjb_cpt112:definition"", ""kg-node:biology_7a_rjb_cpt112:retrieval_text""], ""canonicalized_from"": ""contains""}, {""id"": ""e4"", ""source"": ""n1"", ""target"": ""n5"", ""relation"": ""is_a"", ""weight"": 1.0, ""evidence_refs"": [""kg-node:biology_7a_rjb_cpt112:definition"", ""kg-node:biology_7a_rjb_cpt112:retrieval_text""]}]",,,
biology_7a_rjb_cpt113,biology,雌蕊,definition,valid,[],"[{""id"": ""n1"", ""type"": ""entity"", ""text"": ""雌蕊"", ""weight"": 1.0, ""evidence_refs"": [""kg-node:biology_7a_rjb_cpt113:definition"", ""kg-node:biology_7a_rjb_cpt113:name"", ""kg-node:biology_7a_rjb_cpt113:retrieval_text""]}, {""id"": ""n2"", ""type"": ""entity"", ""text"": ""花的雌性生殖结构"", ""weight"": 1.0, ""evidence_refs"": [""kg-node:biology_7a_rjb_cpt113:definition"", ""kg-node:biology_7a_rjb_cpt113:retrieval_text""]}, {""id"": ""n3"", ""type"": ""entity"", ""text"": ""子房"", ""weight"": 1.0, ""evidence_refs"": [""kg-node:biology_7a_rjb_cpt113:definition"", ""kg-node:biology_7a_rjb_cpt113:retrieval_text""]}, {""id"": ""n4"", ""type"": ""entity"", ""text"": ""胚珠"", ""weight"": 1.0, ""evidence_refs"": [""kg-node:biology_7a_rjb_cpt113:definition"", ""kg-node:biology_7a_rjb_cpt113:retrieval_text""]}, {""id"": ""n5"", ""type"": ""entity"", ""text"": ""柱头"", ""weight"": 1.0, ""evidence_refs"": [""kg-node:biology_7a_rjb_cpt113:definition"", ""kg-node:biology_7a_rjb_cpt113:retrieval_text""]}, {""id"": ""n6"", ""type"": ""process"", ""text"": ""接受花粉"", ""weight"": 1.0, ""evidence_refs"": [""kg-node:biology_7a_rjb_cpt113:definition"", ""kg-node:biology_7a_rjb_cpt113:retrieval_text""]}]","[{""id"": ""e1"", ""source"": ""n1"", ""target"": ""n2"", ""relation"": ""is_a"", ""weight"": 1.0, ""evidence_refs"": [""kg-node:biology_7a_rjb_cpt113:definition"", ""kg-node:biology_7a_rjb_cpt113:retrieval_text""]}, {""id"": ""e2"", ""source"": ""n1"", ""target"": ""n3"", ""relation"": ""part_of"", ""weight"": 1.0, ""evidence_refs"": [""kg-node:biology_7a_rjb_cpt113:definition"", ""kg-node:biology_7a_rjb_cpt113:retrieval_text""]}, {""id"": ""e3"", ""source"": ""n3"", ""target"": ""n4"", ""relation"": ""part_of"", ""weight"": 1.0, ""evidence_refs"": [""kg-node:biology_7a_rjb_cpt113:definition"", ""kg-node:biology_7a_rjb_cpt113:retrieval_text""]}, {""id"": ""e4"", ""source"": ""n1"", ""target"": ""n5"", ""relation"": ""part_of"", ""weight"": 1.0, ""evidence_refs"": [""kg-node:biology_7a_rjb_cpt113:definition"", ""kg-node:biology_7a_rjb_cpt113:retrieval_text""]}, {""id"": ""e5"", ""source"": ""n5"", ""target"": ""n6"", ""relation"": ""enables"", ""weight"": 1.0, ""evidence_refs"": [""kg-node:biology_7a_rjb_cpt113:definition"", ""kg-node:biology_7a_rjb_cpt113:retrieval_text""]}]",,,
biology_7a_rjb_cpt114,biology,传粉,process,valid,[],"[{""id"": ""n1"", ""type"": ""process"", ""text"": ""传粉：花粉从花药散放而落到雌蕊柱头上的过程。"", ""weight"": 1.0, ""evidence_refs"": [""kg-node:biology_7a_rjb_cpt114:definition"", ""kg-node:biology_7a_rjb_cpt114:retrieval_text""]}, {""id"": ""n2"", ""type"": ""process"", ""text"": ""自花传粉：一朵花的花粉落到同一朵花柱头上的传粉现象。"", ""weight"": 1.0, ""evidence_refs"": [""kg-node:biology_7a_rjb_cpt115:definition"", ""kg-node:biology_7a_rjb_cpt115:retrieval_text""]}, {""id"": ""n3"", ""type"": ""process"", ""text"": ""异花传粉：花粉在外力作用下落到另一朵花柱头上的传粉方式，通常需要媒介如风或昆虫。"", ""weight"": 1.0, ""evidence_refs"": [""kg-node:biology_7a_rjb_cpt116:definition"", ""kg-node:biology_7a_rjb_cpt116:retrieval_text""]}, {""id"": ""n4"", ""type"": ""process"", ""text"": ""受精：精子与卵子结合形成合子（即受精卵）的过程。"", ""weight"": 1.0, ""evidence_refs"": [""kg-node:biology_7a_rjb_cpt117:definition"", ""kg-node:biology_7a_rjb_cpt117:retrieval_text""]}]","[{""id"": ""e1"", ""source"": ""n2"", ""target"": ""n1"", ""relation"": ""is_a"", ""weight"": 1.0, ""evidence_refs"": [""kg-edge:normalized:edge:10778""]}, {""id"": ""e2"", ""source"": ""n3"", ""target"": ""n1"", ""relation"": ""is_a"", ""weight"": 1.0, ""evidence_refs"": [""kg-edge:normalized:edge:10779""]}, {""id"": ""e3"", ""source"": ""n1"", ""target"": ""n4"", ""relation"": ""enables"", ""weight"": 1.0, ""evidence_refs"": [""kg-edge:normalized:edge:14139""]}]",,,
biology_7a_rjb_cpt115,biology,自花传粉,definition,valid,[],"[{""id"": ""n1"", ""type"": ""process"", ""text"": ""花粉从花药散放而落到雌蕊柱头上的过程"", ""weight"": 1.0, ""evidence_refs"": [""kg-node:biology_7a_rjb_cpt114:definition""]}, {""id"": ""n2"", ""type"": ""process"", ""text"": ""一朵花的花粉落到同一朵花柱头上的传粉现象"", ""weight"": 1.0, ""evidence_refs"": [""kg-node:biology_7a_rjb_cpt115:definition""]}]","[{""id"": ""e1"", ""source"": ""n2"", ""target"": ""n1"", ""relation"": ""is_a"", ""weight"": 1.0, ""evidence_refs"": [""kg-edge:normalized:edge:10778""]}]",,,
biology_7a_rjb_cpt116,biology,异花传粉,process,valid,[],"[{""id"": ""n1"", ""type"": ""process"", ""text"": ""异花传粉：花粉在外力作用下落到另一朵花柱头上的传粉方式，通常需要媒介如风或昆虫。"", ""weight"": 1.0, ""evidence_refs"": [""kg-node:biology_7a_rjb_cpt116:definition""]}, {""id"": ""n2"", ""type"": ""process"", ""text"": ""传粉：花粉从花药散放而落到雌蕊柱头上的过程。"", ""weight"": 1.0, ""evidence_refs"": [""kg-node:biology_7a_rjb_cpt114:definition""]}, {""id"": ""n3"", ""type"": ""process"", ""text"": ""自花传粉：一朵花的花粉落到同一朵花柱头上的传粉现象。"", ""weight"": 1.0, ""evidence_refs"": [""kg-node:biology_7a_rjb_cpt115:definition""]}, {""id"": ""n4"", ""type"": ""process"", ""text"": ""受精：精子与卵子结合形成合子（即受精卵）的过程，包括受精前的准备阶段和受精阶段。"", ""weight"": 1.0, ""evidence_refs"": [""kg-node:biology_7a_rjb_cpt117:definition""]}]","[{""id"": ""e1"", ""source"": ""n1"", ""target"": ""n2"", ""relation"": ""is_a"", ""weight"": 1.0, ""evidence_refs"": [""kg-edge:normalized:edge:10779""]}, {""id"": ""e2"", ""source"": ""n3"", ""target"": ""n2"", ""relation"": ""is_a"", ""weight"": 1.0, ""evidence_refs"": [""kg-edge:normalized:edge:10778""]}, {""id"": ""e3"", ""source"": ""n2"", ""target"": ""n4"", ""relation"": ""enables"", ""weight"": 1.0, ""evidence_refs"": [""kg-edge:normalized:edge:14139""]}]",,,
chemistry_9a_rjb_cpt1,chemistry,物质,entity,valid,[],"[{""id"": ""n1"", ""type"": ""entity"", ""text"": ""物质：构成宇宙中各种星体以及肉眼看不见的粒子的客体，表现为千姿百态的物质世界，各种物质之间存在多种相互作用并不断发生变化。"", ""weight"": 1.0, ""evidence_refs"": [""kg-node:chemistry_9a_rjb_cpt1:definition""]}, {""id"": ""n2"", ""type"": ""process"", ""text"": ""物质的变化：物质在一定条件下发生的状态、形态或本质的改变，包括物理变化和化学变化。"", ""weight"": 1.0, ""evidence_refs"": [""kg-node:chemistry_9a_rjb_cpt2:definition""]}]","[{""id"": ""e1"", ""source"": ""n1"", ""target"": ""n2"", ""relation"": ""enables"", ""weight"": 1.0, ""evidence_refs"": [""kg-edge:normalized:edge:14991""]}]",,,
chemistry_9a_rjb_cpt10,chemistry,沸点,entity,valid,[],"[{""id"": ""n1"", ""type"": ""entity"", ""text"": ""沸点"", ""weight"": 1.0, ""evidence_refs"": [""kg-node:chemistry_9a_rjb_cpt10:definition"", ""kg-node:chemistry_9a_rjb_cpt10:name"", ""kg-node:chemistry_9a_rjb_cpt10:retrieval_text""]}, {""id"": ""n2"", ""type"": ""condition"", ""text"": ""大气压强"", ""weight"": 1.0, ""evidence_refs"": [""kg-node:chemistry_9a_rjb_cpt11:definition"", ""kg-node:chemistry_9a_rjb_cpt11:name"", ""kg-node:chemistry_9a_rjb_cpt11:retrieval_text""]}, {""id"": ""n3"", ""type"": ""state"", ""text"": ""液体汽化最剧烈时的温度"", ""weight"": 1.0, ""evidence_refs"": [""kg-node:chemistry_9a_rjb_cpt10:definition"", ""kg-node:chemistry_9a_rjb_cpt10:retrieval_text""]}, {""id"": ""n4"", ""type"": ""rule"", ""text"": ""条件对物质性质的影响"", ""weight"": 1.0, ""evidence_refs"": [""kg-node:chemistry_9a_rjb_cpt21:definition"", ""kg-node:chemistry_9a_rjb_cpt21:name"", ""kg-node:chemistry_9a_rjb_cpt21:retrieval_text""]}, {""id"": ""n5"", ""type"": ""evidence"", ""text"": ""水的沸点为100℃（在101 kPa下）"", ""weight"": 1.0, ""evidence_refs"": [""kg-node:chemistry_9a_rjb_cpt10:examples"", ""kg-node:chemistry_9a_rjb_cpt10:retrieval_text"", ""kg-node:chemistry_9a_rjb_cpt12:definition"", ""kg-node:chemistry_9a_rjb_cpt12:examples"", ""kg-node:chemistry_9a_rjb_cpt12:retrieval_text""]}, {""id"": ""n6"", ""type"": ""evidence"", ""text"": ""大气稀薄处水的沸点降低"", ""weight"": 1.0, ""evidence_refs"": [""kg-node:chemistry_9a_rjb_cpt10:examples"", ""kg-node:chemistry_9a_rjb_cpt10:retrieval_text"", ""kg-node:chemistry_9a_rjb_cpt21:examples"", ""kg-node:chemistry_9a_rjb_cpt21:retrieval_text""]}, {""id"": ""n7"", ""type"": ""evidence"", ""text"": ""铁的熔点和沸点、铝的熔点和沸点、氧气的熔点和沸点"", ""weight"": 1.0, ""evidence_refs"": [""kg-node:chemistry_9a_rjb_cpt13:definition"", ""kg-node:chemistry_9a_rjb_cpt13:examples"", ""kg-node:chemistry_9a_rjb_cpt13:retrieval_text"", ""kg-node:chemistry_9a_rjb_cpt14:definition"", ""kg-node:chemistry_9a_rjb_cpt14:retrieval_text"", ""kg-node:chemistry_9a_rjb_cpt15:definition"", ""kg-node:chemistry_9a_rjb_cpt15:retrieval_text""]}]","[{""id"": ""e1"", ""source"": ""n2"", ""target"": ""n1"", ""relation"": ""enables"", ""weight"": 1.0, ""evidence_refs"": [""kg-edge:normalized:edge:14999"", ""kg-node:chemistry_9a_rjb_cpt10:definition"", ""kg-node:chemistry_9a_rjb_cpt11:definition""]}, {""id"": ""e2"", ""source"": ""n1"", ""target"": ""n3"", ""relation"": ""is_a"", ""weight"": 1.0, ""evidence_refs"": [""kg-node:chemistry_9a_rjb_cpt10:definition"", ""kg-node:chemistry_9a_rjb_cpt10:retrieval_text""]}, {""id"": ""e3"", ""source"": ""n4"", ""target"": ""n1"", ""relation"": ""relates_to"", ""weight"": 1.0, ""evidence_refs"": [""kg-edge:normalized:edge:15075"", ""kg-node:chemistry_9a_rjb_cpt21:definition"", ""kg-node:chemistry_9a_rjb_cpt21:retrieval_text""]}, {""id"": ""e4"", ""source"": ""n1"", ""target"": ""n5"", ""relation"": ""produces"", ""weight"": 1.0, ""evidence_refs"": [""kg-edge:normalized:edge:14992"", ""kg-node:chemistry_9a_rjb_cpt10:examples"", ""kg-node:chemistry_9a_rjb_cpt12:definition"", ""kg-node:chemistry_9a_rjb_cpt12:examples""]}, {""id"": ""e5"", ""source"": ""n2"", ""target"": ""n6"", ""relation"": ""causes"", ""weight"": 1.0, ""evidence_refs"": [""kg-node:chemistry_9a_rjb_cpt10:examples"", ""kg-node:chemistry_9a_rjb_cpt10:retrieval_text"", ""kg-node:chemistry_9a_rjb_cpt21:examples"", ""kg-node:chemistry_9a_rjb_cpt21:retrieval_text""]}, {""id"": ""e6"", ""source"": ""n1"", ""target"": ""n7"", ""relation"": ""relates_to"", ""weight"": 1.0, ""evidence_refs"": [""kg-edge:normalized:edge:14993"", ""kg-edge:normalized:edge:14994"", ""kg-edge:normalized:edge:14995"", ""kg-node:chemistry_9a_rjb_cpt13:definition"", ""kg-node:chemistry_9a_rjb_cpt14:definition"", ""kg-node:chemistry_9a_rjb_cpt15:definition""]}, {""id"": ""e7"", ""source"": ""n1"", ""target"": ""n2"", ""relation"": ""relates_to"", ""weight"": 1.0, ""evidence_refs"": [""kg-edge:normalized:edge:18222"", ""kg-node:chemistry_9a_rjb_cpt10:definition"", ""kg-node:chemistry_9a_rjb_cpt11:definition""]}]",,,
chemistry_9a_rjb_cpt100,chemistry,缓慢氧化,process,valid,[],"[{""id"": ""n1"", ""type"": ""process"", ""text"": ""缓慢氧化：进行得很慢、甚至不容易被察觉的氧化反应，仍属于氧化反应但没有显著的发光发热现象。"", ""weight"": 1.0, ""evidence_refs"": [""kg-node:chemistry_9a_rjb_cpt100:definition""]}, {""id"": ""n2"", ""type"": ""process"", ""text"": ""氧化反应：物质与氧气发生的化学反应，氧气提供氧，具有氧化性。"", ""weight"": 1.0, ""evidence_refs"": [""kg-node:chemistry_9a_rjb_cpt97:definition""]}, {""id"": ""n3"", ""type"": ""process"", ""text"": ""燃烧：物质在一定条件下（有可燃物、充足的氧气或空气、达到着火点）发生的剧烈放热、发光的氧化反应过程。"", ""weight"": 1.0, ""evidence_refs"": [""kg-node:chemistry_9a_rjb_cpt99:definition""]}, {""id"": ""n4"", ""type"": ""process"", ""text"": ""呼吸与氧气：人体和其他动植物的呼吸属于缓慢氧化，需要消耗氧气；当环境中氧气含量偏低时，吸氧可以给人体呼吸提供适量的氧气，从而缓解高原反应等症状。"", ""weight"": 1.0, ""evidence_refs"": [""kg-node:chemistry_9a_rjb_cpt102:definition""]}, {""id"": ""n5"", ""type"": ""entity"", ""text"": ""氧气"", ""weight"": 1.0, ""evidence_refs"": [""kg-node:chemistry_9a_rjb_cpt97:definition"", ""kg-node:chemistry_9a_rjb_cpt99:definition"", ""kg-node:chemistry_9a_rjb_cpt102:definition""]}, {""id"": ""n6"", ""type"": ""condition"", ""text"": ""有可燃物、充足的氧气或空气、达到着火点"", ""weight"": 1.0, ""evidence_refs"": [""kg-node:chemistry_9a_rjb_cpt99:definition""]}, {""id"": ""n7"", ""type"": ""outcome"", ""text"": ""剧烈放热、发光"", ""weight"": 1.0, ""evidence_refs"": [""kg-node:chemistry_9a_rjb_cpt99:definition""]}, {""id"": ""n8"", ""type"": ""outcome"", ""text"": ""没有显著的发光发热现象"", ""weight"": 1.0, ""evidence_refs"": [""kg-node:chemistry_9a_rjb_cpt100:definition""]}]","[{""id"": ""e1"", ""source"": ""n2"", ""target"": ""n1"", ""relation"": ""is_a"", ""weight"": 1.0, ""evidence_refs"": [""kg-edge:normalized:edge:15248"", ""kg-edge:normalized:edge:18426"", ""kg-node:chemistry_9a_rjb_cpt100:definition""]}, {""id"": ""e2"", ""source"": ""n3"", ""target"": ""n2"", ""relation"": ""is_a"", ""weight"": 1.0, ""evidence_refs"": [""kg-node:chemistry_9a_rjb_cpt99:definition""]}, {""id"": ""e3"", ""source"": ""n4"", ""target"": ""n1"", ""relation"": ""is_a"", ""weight"": 1.0, ""evidence_refs"": [""kg-edge:normalized:edge:18223"", ""kg-node:chemistry_9a_rjb_cpt102:definition""]}, {""id"": ""e4"", ""source"": ""n5"", ""target"": ""n2"", ""relation"": ""part_of"", ""weight"": 1.0, ""evidence_refs"": [""kg-node:chemistry_9a_rjb_cpt97:definition""]}, {""id"": ""e5"", ""source"": ""n5"", ""target"": ""n3"", ""relation"": ""part_of"", ""weight"": 1.0, ""evidence_refs"": [""kg-node:chemistry_9a_rjb_cpt99:definition""]}, {""id"": ""e6"", ""source"": ""n5"", ""target"": ""n4"", ""relation"": ""part_of"", ""weight"": 1.0, ""evidence_refs"": [""kg-node:chemistry_9a_rjb_cpt102:definition""]}, {""id"": ""e7"", ""source"": ""n6"", ""target"": ""n3"", ""relation"": ""requires"", ""weight"": 1.0, ""evidence_refs"": [""kg-node:chemistry_9a_rjb_cpt99:definition""]}, {""id"": ""e8"", ""source"": ""n3"", ""target"": ""n7"", ""relation"": ""produces"", ""weight"": 1.0, ""evidence_refs"": [""kg-node:chemistry_9a_rjb_cpt99:definition""]}, {""id"": ""e9"", ""source"": ""n1"", ""target"": ""n8"", ""relation"": ""produces"", ""weight"": 1.0, ""evidence_refs"": [""kg-node:chemistry_9a_rjb_cpt100:definition""]}, {""id"": ""e10"", ""source"": ""n1"", ""target"": ""n3"", ""relation"": ""relates_to"", ""weight"": 1.0, ""evidence_refs"": [""kg-edge:normalized:edge:18429""]}]",,,
chemistry_9a_rjb_cpt101,chemistry,氧气的检验方法,mechanism,valid,[],"[{""id"": ""n1"", ""type"": ""condition"", ""text"": ""带有火星的木条伸入气体中"", ""weight"": 1.0, ""evidence_refs"": [""kg-node:chemistry_9a_rjb_cpt101:definition"", ""kg-node:chemistry_9a_rjb_exp13:process""]}, {""id"": ""n2"", ""type"": ""entity"", ""text"": ""氧气"", ""weight"": 1.0, ""evidence_refs"": [""kg-node:chemistry_9a_rjb_cpt89:definition"", ""kg-node:chemistry_9a_rjb_exp13:conclusion""]}, {""id"": ""n3"", ""type"": ""state"", ""text"": ""木条复燃"", ""weight"": 1.0, ""evidence_refs"": [""kg-node:chemistry_9a_rjb_cpt101:definition"", ""kg-node:chemistry_9a_rjb_exp13:phenomena""]}, {""id"": ""n4"", ""type"": ""outcome"", ""text"": ""该气体为氧气"", ""weight"": 1.0, ""evidence_refs"": [""kg-node:chemistry_9a_rjb_cpt101:definition""]}, {""id"": ""n5"", ""type"": ""rule"", ""text"": ""氧气能支持燃烧"", ""weight"": 1.0, ""evidence_refs"": [""kg-node:chemistry_9a_rjb_cpt89:definition"", ""kg-node:chemistry_9a_rjb_exp13:conclusion""]}]","[{""id"": ""e1"", ""source"": ""n1"", ""target"": ""n3"", ""relation"": ""causes"", ""weight"": 1.0, ""evidence_refs"": [""kg-node:chemistry_9a_rjb_cpt101:definition"", ""kg-node:chemistry_9a_rjb_exp13:phenomena""]}, {""id"": ""e2"", ""source"": ""n2"", ""target"": ""n3"", ""relation"": ""enables"", ""weight"": 1.0, ""evidence_refs"": [""kg-node:chemistry_9a_rjb_cpt89:definition"", ""kg-node:chemistry_9a_rjb_exp13:conclusion""]}, {""id"": ""e3"", ""source"": ""n3"", ""target"": ""n4"", ""relation"": ""produces"", ""weight"": 1.0, ""evidence_refs"": [""kg-node:chemistry_9a_rjb_cpt101:definition""]}, {""id"": ""e4"", ""source"": ""n5"", ""target"": ""n2"", ""relation"": ""is_a"", ""weight"": 1.0, ""evidence_refs"": [""kg-node:chemistry_9a_rjb_cpt89:definition""]}, {""id"": ""e5"", ""source"": ""n5"", ""target"": ""n3"", ""relation"": ""enables"", ""weight"": 1.0, ""evidence_refs"": [""kg-node:chemistry_9a_rjb_cpt89:examples"", ""kg-node:chemistry_9a_rjb_exp13:conclusion""]}]",,,
chemistry_9a_rjb_cpt102,chemistry,呼吸与氧气,process,valid,[],"[{""id"": ""n1"", ""type"": ""process"", ""text"": ""人体和其他动植物的呼吸属于缓慢氧化，需要消耗氧气"", ""weight"": 1.0, ""evidence_refs"": [""kg-node:chemistry_9a_rjb_cpt102:definition"", ""kg-node:chemistry_9a_rjb_cpt100:definition"", ""kg-node:chemistry_9a_rjb_cpt100:examples""]}, {""id"": ""n2"", ""type"": ""condition"", ""text"": ""环境中氧气含量偏低"", ""weight"": 1.0, ""evidence_refs"": [""kg-node:chemistry_9a_rjb_cpt102:definition""]}, {""id"": ""n3"", ""type"": ""process"", ""text"": ""吸氧可以给人体呼吸提供适量的氧气"", ""weight"": 1.0, ""evidence_refs"": [""kg-node:chemistry_9a_rjb_cpt102:definition""]}, {""id"": ""n4"", ""type"": ""outcome"", ""text"": ""缓解高原反应等症状"", ""weight"": 1.0, ""evidence_refs"": [""kg-node:chemistry_9a_rjb_cpt102:definition""]}, {""id"": ""n5"", ""type"": ""entity"", ""text"": ""氧气"", ""weight"": 1.0, ""evidence_refs"": [""kg-node:chemistry_9a_rjb_cpt102:definition"", ""kg-node:chemistry_9a_rjb_cpt16:definition""]}, {""id"": ""n6"", ""type"": ""state"", ""text"": ""氧气的物理性质：密度比空气略大，不易溶于水"", ""weight"": 1.0, ""evidence_refs"": [""kg-node:chemistry_9a_rjb_cpt16:definition""]}]","[{""id"": ""e1"", ""source"": ""n1"", ""target"": ""n5"", ""relation"": ""requires"", ""weight"": 1.0, ""evidence_refs"": [""kg-node:chemistry_9a_rjb_cpt102:definition""]}, {""id"": ""e2"", ""source"": ""n2"", ""target"": ""n3"", ""relation"": ""enables"", ""weight"": 1.0, ""evidence_refs"": [""kg-node:chemistry_9a_rjb_cpt102:definition""]}, {""id"": ""e3"", ""source"": ""n3"", ""target"": ""n4"", ""relation"": ""causes"", ""weight"": 1.0, ""evidence_refs"": [""kg-node:chemistry_9a_rjb_cpt102:definition""]}, {""id"": ""e4"", ""source"": ""n1"", ""target"": ""n4"", ""relation"": ""relates_to"", ""weight"": 1.0, ""evidence_refs"": [""kg-node:chemistry_9a_rjb_cpt102:definition""]}, {""id"": ""e5"", ""source"": ""n5"", ""target"": ""n6"", ""relation"": ""is_a"", ""weight"": 1.0, ""evidence_refs"": [""kg-node:chemistry_9a_rjb_cpt16:definition""]}, {""id"": ""e6"", ""source"": ""n1"", ""target"": ""n6"", ""relation"": ""relates_to"", ""weight"": 1.0, ""evidence_refs"": [""kg-edge:normalized:edge:18224""]}]",,,
chemistry_9a_rjb_cpt103,chemistry,实验室制取氧气的方法,process,valid,[],"[{""id"": ""n1"", ""type"": ""process"", ""text"": ""实验室制取氧气的方法"", ""weight"": 1.0, ""evidence_refs"": [""kg-node:chemistry_9a_rjb_cpt103:definition"", ""kg-node:chemistry_9a_rjb_cpt103:examples"", ""kg-node:chemistry_9a_rjb_cpt103:retrieval_text""]}, {""id"": ""n2"", ""type"": ""process"", ""text"": ""加热高锰酸钾制取氧气"", ""weight"": 1.0, ""evidence_refs"": [""kg-node:chemistry_9a_rjb_cpt104:definition"", ""kg-node:chemistry_9a_rjb_cpt104:retrieval_text""]}, {""id"": ""n3"", ""type"": ""process"", ""text"": ""分解过氧化氢制取氧气"", ""weight"": 1.0, ""evidence_refs"": [""kg-node:chemistry_9a_rjb_cpt106:definition"", ""kg-node:chemistry_9a_rjb_cpt106:retrieval_text""]}, {""id"": ""n4"", ""type"": ""process"", ""text"": ""加热氯酸钾制取氧气"", ""weight"": 1.0, ""evidence_refs"": [""kg-node:chemistry_9a_rjb_cpt108:definition"", ""kg-node:chemistry_9a_rjb_cpt108:retrieval_text""]}, {""id"": ""n5"", ""type"": ""entity"", ""text"": ""氧气"", ""weight"": 1.0, ""evidence_refs"": [""kg-node:chemistry_9a_rjb_cpt66:definition"", ""kg-node:chemistry_9a_rjb_cpt66:retrieval_text""]}, {""id"": ""n6"", ""type"": ""process"", ""text"": ""分解反应"", ""weight"": 1.0, ""evidence_refs"": [""kg-node:chemistry_9a_rjb_cpt109:definition"", ""kg-node:chemistry_9a_rjb_cpt109:retrieval_text""]}, {""id"": ""n7"", ""type"": ""process"", ""text"": ""氧气的收集方法"", ""weight"": 1.0, ""evidence_refs"": [""kg-node:chemistry_9a_rjb_cpt119:definition"", ""kg-node:chemistry_9a_rjb_cpt119:retrieval_text""]}, {""id"": ""n8"", ""type"": ""evidence"", ""text"": ""实验2-5 加热高锰酸钾制取氧气"", ""weight"": 1.0, ""evidence_refs"": [""kg-node:chemistry_9a_rjb_exp16:process"", ""kg-node:chemistry_9a_rjb_exp16:phenomena"", ""kg-node:chemistry_9a_rjb_exp16:conclusion"", ""kg-node:chemistry_9a_rjb_exp16:retrieval_text""]}]","[{""id"": ""e1"", ""source"": ""n2"", ""target"": ""n1"", ""relation"": ""is_a"", ""weight"": 1.0, ""evidence_refs"": [""kg-edge:normalized:edge:11276""]}, {""id"": ""e2"", ""source"": ""n3"", ""target"": ""n1"", ""relation"": ""is_a"", ""weight"": 1.0, ""evidence_refs"": [""kg-edge:normalized:edge:11278""]}, {""id"": ""e3"", ""source"": ""n4"", ""target"": ""n1"", ""relation"": ""is_a"", ""weight"": 1.0, ""evidence_refs"": [""kg-edge:normalized:edge:11280""]}, {""id"": ""e4"", ""source"": ""n6"", ""target"": ""n1"", ""relation"": ""enables"", ""weight"": 1.0, ""evidence_refs"": [""kg-edge:normalized:edge:14997""]}, {""id"": ""e5"", ""source"": ""n5"", ""target"": ""n1"", ""relation"": ""enables"", ""weight"": 1.0, ""evidence_refs"": [""kg-edge:normalized:edge:15223""]}, {""id"": ""e6"", ""source"": ""n1"", ""target"": ""n7"", ""relation"": ""requires"", ""weight"": 1.0, ""evidence_refs"": [""kg-edge:normalized:edge:14996""]}, {""id"": ""e7"", ""source"": ""n8"", ""target"": ""n1"", ""relation"": ""verifies"", ""weight"": 1.0, ""evidence_refs"": [""kg-edge:normalized:edge:22572""]}, {""id"": ""e8"", ""source"": ""n2"", ""target"": ""n6"", ""relation"": ""is_a"", ""weight"": 1.0, ""evidence_refs"": [""kg-node:chemistry_9a_rjb_cpt109:examples""]}, {""id"": ""e9"", ""source"": ""n3"", ""target"": ""n6"", ""relation"": ""is_a"", ""weight"": 1.0, ""evidence_refs"": [""kg-node:chemistry_9a_rjb_cpt109:examples""]}, {""id"": ""e10"", ""source"": ""n4"", ""target"": ""n6"", ""relation"": ""is_a"", ""weight"": 1.0, ""evidence_refs"": [""kg-node:chemistry_9a_rjb_cpt109:examples""]}, {""id"": ""e11"", ""source"": ""n2"", ""target"": ""n5"", ""relation"": ""produces"", ""weight"": 1.0, ""evidence_refs"": [""kg-node:chemistry_9a_rjb_cpt104:definition"", ""kg-node:chemistry_9a_rjb_exp16:conclusion""]}, {""id"": ""e12"", ""source"": ""n3"", ""target"": ""n5"", ""relation"": ""produces"", ""weight"": 1.0, ""evidence_refs"": [""kg-node:chemistry_9a_rjb_cpt106:definition"", ""kg-node:chemistry_9a_rjb_cpt106:formula""]}]",,,
chemistry_9a_rjb_cpt104,chemistry,加热高锰酸钾制取氧气,process,valid,[],"[{""id"": ""n1"", ""type"": ""process"", ""text"": ""加热高锰酸钾制取氧气"", ""weight"": 1.0, ""evidence_refs"": [""kg-node:chemistry_9a_rjb_cpt104:definition"", ""kg-node:chemistry_9a_rjb_cpt104:name""]}, {""id"": ""n2"", ""type"": ""process"", ""text"": ""实验室制取氧气的方法"", ""weight"": 1.0, ""evidence_refs"": [""kg-node:chemistry_9a_rjb_cpt103:definition"", ""kg-node:chemistry_9a_rjb_cpt103:name""]}, {""id"": ""n3"", ""type"": ""process"", ""text"": ""氧气的收集方法"", ""weight"": 1.0, ""evidence_refs"": [""kg-node:chemistry_9a_rjb_cpt119:definition"", ""kg-node:chemistry_9a_rjb_cpt119:name""]}, {""id"": ""n4"", ""type"": ""entity"", ""text"": ""氧气"", ""weight"": 1.0, ""evidence_refs"": [""kg-node:chemistry_9a_rjb_cpt66:definition"", ""kg-node:chemistry_9a_rjb_cpt66:name""]}, {""id"": ""n5"", ""type"": ""process"", ""text"": ""分解反应"", ""weight"": 1.0, ""evidence_refs"": [""kg-node:chemistry_9a_rjb_cpt109:definition"", ""kg-node:chemistry_9a_rjb_cpt109:name""]}, {""id"": ""n6"", ""type"": ""process"", ""text"": ""分解过氧化氢制取氧气"", ""weight"": 1.0, ""evidence_refs"": [""kg-node:chemistry_9a_rjb_cpt106:definition"", ""kg-node:chemistry_9a_rjb_cpt106:name""]}, {""id"": ""n7"", ""type"": ""process"", ""text"": ""加热氯酸钾制取氧气"", ""weight"": 1.0, ""evidence_refs"": [""kg-node:chemistry_9a_rjb_cpt108:definition"", ""kg-node:chemistry_9a_rjb_cpt108:name""]}, {""id"": ""n8"", ""type"": ""evidence"", ""text"": ""实验2-5 加热高锰酸钾制取氧气"", ""weight"": 1.0, ""evidence_refs"": [""kg-node:chemistry_9a_rjb_exp16:name"", ""kg-node:chemistry_9a_rjb_exp16:process"", ""kg-node:chemistry_9a_rjb_exp16:conclusion""]}]","[{""id"": ""e1"", ""source"": ""n1"", ""target"": ""n2"", ""relation"": ""is_a"", ""weight"": 1.0, ""evidence_refs"": [""kg-edge:normalized:edge:11276""]}, {""id"": ""e2"", ""source"": ""n2"", ""target"": ""n3"", ""relation"": ""requires"", ""weight"": 1.0, ""evidence_refs"": [""kg-edge:normalized:edge:14996""]}, {""id"": ""e3"", ""source"": ""n4"", ""target"": ""n2"", ""relation"": ""requires"", ""weight"": 1.0, ""evidence_refs"": [""kg-edge:normalized:edge:15223""]}, {""id"": ""e4"", ""source"": ""n5"", ""target"": ""n2"", ""relation"": ""requires"", ""weight"": 1.0, ""evidence_refs"": [""kg-edge:normalized:edge:14997""]}, {""id"": ""e5"", ""source"": ""n6"", ""target"": ""n2"", ""relation"": ""is_a"", ""weight"": 1.0, ""evidence_refs"": [""kg-edge:normalized:edge:11278""]}, {""id"": ""e6"", ""source"": ""n7"", ""target"": ""n2"", ""relation"": ""is_a"", ""weight"": 1.0, ""evidence_refs"": [""kg-edge:normalized:edge:11280""]}, {""id"": ""e7"", ""source"": ""n8"", ""target"": ""n2"", ""relation"": ""verifies"", ""weight"": 1.0, ""evidence_refs"": [""kg-edge:normalized:edge:22572""]}]",,,
chemistry_9a_rjb_cpt105,chemistry,高锰酸钾受热分解反应,process,valid,[],"[{""id"": ""n1"", ""type"": ""condition"", ""text"": ""高锰酸钾是一种暗紫色固体，受热时发生分解反应"", ""weight"": 1.0, ""evidence_refs"": [""kg-node:chemistry_9a_rjb_cpt105:definition"", ""kg-node:chemistry_9a_rjb_cpt105:retrieval_text""]}, {""id"": ""n2"", ""type"": ""process"", ""text"": ""高锰酸钾受热分解反应，生成二氧化锰、锰酸钾并放出氧气"", ""weight"": 1.0, ""evidence_refs"": [""kg-node:chemistry_9a_rjb_cpt105:definition"", ""kg-node:chemistry_9a_rjb_cpt105:formula"", ""kg-node:chemistry_9a_rjb_cpt105:retrieval_text""]}, {""id"": ""n3"", ""type"": ""entity"", ""text"": ""二氧化锰、锰酸钾、氧气"", ""weight"": 1.0, ""evidence_refs"": [""kg-node:chemistry_9a_rjb_cpt105:definition"", ""kg-node:chemistry_9a_rjb_cpt105:formula"", ""kg-node:chemistry_9a_rjb_cpt105:retrieval_text""]}, {""id"": ""n4"", ""type"": ""rule"", ""text"": ""分解反应：一种物质在一定条件下生成两种或两种以上其他物质的化学反应"", ""weight"": 1.0, ""evidence_refs"": [""kg-node:chemistry_9a_rjb_cpt109:definition"", ""kg-node:chemistry_9a_rjb_cpt109:retrieval_text""]}, {""id"": ""n5"", ""type"": ""evidence"", ""text"": ""实验2-5 加热高锰酸钾制取氧气：加热试管，用排水法收集氧气，带火星木条复燃"", ""weight"": 1.0, ""evidence_refs"": [""kg-node:chemistry_9a_rjb_exp16:process"", ""kg-node:chemistry_9a_rjb_exp16:phenomena"", ""kg-node:chemistry_9a_rjb_exp16:conclusion"", ""kg-node:chemistry_9a_rjb_exp16:retrieval_text""]}]","[{""id"": ""e1"", ""source"": ""n1"", ""target"": ""n2"", ""relation"": ""enables"", ""weight"": 1.0, ""evidence_refs"": [""kg-node:chemistry_9a_rjb_cpt105:definition"", ""kg-node:chemistry_9a_rjb_cpt105:retrieval_text""]}, {""id"": ""e2"", ""source"": ""n2"", ""target"": ""n3"", ""relation"": ""produces"", ""weight"": 1.0, ""evidence_refs"": [""kg-node:chemistry_9a_rjb_cpt105:definition"", ""kg-node:chemistry_9a_rjb_cpt105:formula"", ""kg-node:chemistry_9a_rjb_cpt105:retrieval_text""]}, {""id"": ""e3"", ""source"": ""n2"", ""target"": ""n4"", ""relation"": ""is_a"", ""weight"": 1.0, ""evidence_refs"": [""kg-edge:normalized:edge:11277"", ""kg-node:chemistry_9a_rjb_cpt109:definition"", ""kg-node:chemistry_9a_rjb_cpt109:retrieval_text""]}, {""id"": ""e4"", ""source"": ""n5"", ""target"": ""n2"", ""relation"": ""verifies"", ""weight"": 1.0, ""evidence_refs"": [""kg-edge:normalized:edge:22573"", ""kg-node:chemistry_9a_rjb_exp16:conclusion"", ""kg-node:chemistry_9a_rjb_exp16:retrieval_text""]}]",,,
chemistry_9a_rjb_cpt106,chemistry,分解过氧化氢制取氧气,process,valid,[],"[{""id"": ""n1"", ""type"": ""process"", ""text"": ""分解过氧化氢制取氧气"", ""weight"": 1.0, ""evidence_refs"": [""kg-node:chemistry_9a_rjb_cpt106:definition"", ""kg-node:chemistry_9a_rjb_cpt106:formula"", ""kg-node:chemistry_9a_rjb_cpt106:retrieval_text""]}, {""id"": ""n2"", ""type"": ""process"", ""text"": ""实验室制取氧气的方法"", ""weight"": 1.0, ""evidence_refs"": [""kg-node:chemistry_9a_rjb_cpt103:definition"", ""kg-node:chemistry_9a_rjb_cpt103:retrieval_text""]}, {""id"": ""n3"", ""type"": ""process"", ""text"": ""氧气的收集方法"", ""weight"": 1.0, ""evidence_refs"": [""kg-node:chemistry_9a_rjb_cpt119:definition"", ""kg-node:chemistry_9a_rjb_cpt119:retrieval_text""]}, {""id"": ""n4"", ""type"": ""rule"", ""text"": ""分解反应"", ""weight"": 1.0, ""evidence_refs"": [""kg-node:chemistry_9a_rjb_cpt109:definition"", ""kg-node:chemistry_9a_rjb_cpt109:formula"", ""kg-node:chemistry_9a_rjb_cpt109:retrieval_text""]}, {""id"": ""n5"", ""type"": ""entity"", ""text"": ""氧气"", ""weight"": 1.0, ""evidence_refs"": [""kg-node:chemistry_9a_rjb_cpt66:definition"", ""kg-node:chemistry_9a_rjb_cpt66:formula"", ""kg-node:chemistry_9a_rjb_cpt66:retrieval_text""]}, {""id"": ""n6"", ""type"": ""process"", ""text"": ""加热高锰酸钾制取氧气"", ""weight"": 1.0, ""evidence_refs"": [""kg-node:chemistry_9a_rjb_cpt104:definition"", ""kg-node:chemistry_9a_rjb_cpt104:retrieval_text""]}, {""id"": ""n7"", ""type"": ""process"", ""text"": ""加热氯酸钾制取氧气"", ""weight"": 1.0, ""evidence_refs"": [""kg-node:chemistry_9a_rjb_cpt108:definition"", ""kg-node:chemistry_9a_rjb_cpt108:formula"", ""kg-node:chemistry_9a_rjb_cpt108:retrieval_text""]}, {""id"": ""n8"", ""type"": ""evidence"", ""text"": ""实验2-5 加热高锰酸钾制取氧气"", ""weight"": 1.0, ""evidence_refs"": [""kg-node:chemistry_9a_rjb_exp16:process"", ""kg-node:chemistry_9a_rjb_exp16:phenomena"", ""kg-node:chemistry_9a_rjb_exp16:conclusion"", ""kg-node:chemistry_9a_rjb_exp16:retrieval_text""]}]","[{""id"": ""e1"", ""source"": ""n1"", ""target"": ""n2"", ""relation"": ""is_a"", ""weight"": 1.0, ""evidence_refs"": [""kg-edge:normalized:edge:11278""]}, {""id"": ""e2"", ""source"": ""n2"", ""target"": ""n3"", ""relation"": ""requires"", ""weight"": 1.0, ""evidence_refs"": [""kg-edge:normalized:edge:14996""]}, {""id"": ""e3"", ""source"": ""n4"", ""target"": ""n2"", ""relation"": ""relates_to"", ""weight"": 1.0, ""evidence_refs"": [""kg-edge:normalized:edge:14997""]}, {""id"": ""e4"", ""source"": ""n5"", ""target"": ""n2"", ""relation"": ""relates_to"", ""weight"": 1.0, ""evidence_refs"": [""kg-edge:normalized:edge:15223""]}, {""id"": ""e5"", ""source"": ""n6"", ""target"": ""n2"", ""relation"": ""is_a"", ""weight"": 1.0, ""evidence_refs"": [""kg-edge:normalized:edge:11276""]}, {""id"": ""e6"", ""source"": ""n7"", ""target"": ""n2"", ""relation"": ""is_a"", ""weight"": 1.0, ""evidence_refs"": [""kg-edge:normalized:edge:11280""]}, {""id"": ""e7"", ""source"": ""n8"", ""target"": ""n2"", ""relation"": ""verifies"", ""weight"": 1.0, ""evidence_refs"": [""kg-edge:normalized:edge:22572""]}]",,,
chemistry_9a_rjb_cpt107,chemistry,过氧化氢分解反应,process,valid,[],"[{""id"": ""n1"", ""type"": ""process"", ""text"": ""过氧化氢在常温下能缓慢分解生成水和氧气"", ""weight"": 1.0, ""evidence_refs"": [""kg-node:chemistry_9a_rjb_cpt107:definition"", ""kg-node:chemistry_9a_rjb_cpt107:formula""]}, {""id"": ""n2"", ""type"": ""entity"", ""text"": ""二氧化锰"", ""weight"": 1.0, ""evidence_refs"": [""kg-node:chemistry_9a_rjb_cpt107:definition"", ""kg-node:chemistry_9a_rjb_exp17:conclusion""]}, {""id"": ""n3"", ""type"": ""condition"", ""text"": ""加入催化剂如二氧化锰"", ""weight"": 1.0, ""evidence_refs"": [""kg-node:chemistry_9a_rjb_cpt107:definition"", ""kg-node:chemistry_9a_rjb_exp17:process""]}, {""id"": ""n4"", ""type"": ""outcome"", ""text"": ""分解速率显著加快，放出较多氧气"", ""weight"": 1.0, ""evidence_refs"": [""kg-node:chemistry_9a_rjb_cpt107:definition"", ""kg-node:chemistry_9a_rjb_exp17:phenomena""]}, {""id"": ""n5"", ""type"": ""rule"", ""text"": ""分解反应：一种物质生成两种或两种以上其他物质的化学反应"", ""weight"": 1.0, ""evidence_refs"": [""kg-node:chemistry_9a_rjb_cpt109:definition""]}, {""id"": ""n6"", ""type"": ""state"", ""text"": ""二氧化锰质量和化学性质在反应前后没有变化"", ""weight"": 1.0, ""evidence_refs"": [""kg-node:chemistry_9a_rjb_exp17:conclusion""]}]","[{""id"": ""e1"", ""source"": ""n1"", ""target"": ""n5"", ""relation"": ""is_a"", ""weight"": 1.0, ""evidence_refs"": [""kg-edge:normalized:edge:11279""]}, {""id"": ""e2"", ""source"": ""n3"", ""target"": ""n1"", ""relation"": ""enables"", ""weight"": 1.0, ""evidence_refs"": [""kg-node:chemistry_9a_rjb_cpt107:definition"", ""kg-node:chemistry_9a_rjb_exp17:process""]}, {""id"": ""e3"", ""source"": ""n2"", ""target"": ""n3"", ""relation"": ""part_of"", ""weight"": 1.0, ""evidence_refs"": [""kg-node:chemistry_9a_rjb_cpt107:definition"", ""kg-node:chemistry_9a_rjb_exp17:process""]}, {""id"": ""e4"", ""source"": ""n3"", ""target"": ""n4"", ""relation"": ""causes"", ""weight"": 1.0, ""evidence_refs"": [""kg-node:chemistry_9a_rjb_cpt107:definition"", ""kg-node:chemistry_9a_rjb_exp17:phenomena""]}, {""id"": ""e5"", ""source"": ""n2"", ""target"": ""n6"", ""relation"": ""verifies"", ""weight"": 1.0, ""evidence_refs"": [""kg-edge:normalized:edge:22574"", ""kg-node:chemistry_9a_rjb_exp17:conclusion""]}, {""id"": ""e6"", ""source"": ""n6"", ""target"": ""n2"", ""relation"": ""relates_to"", ""weight"": 1.0, ""evidence_refs"": [""kg-node:chemistry_9a_rjb_exp17:conclusion""]}]",,,
chemistry_9a_rjb_cpt108,chemistry,加热氯酸钾制取氧气,process,valid,[],"[{""id"": ""n1"", ""type"": ""condition"", ""text"": ""混有二氧化锰的氯酸钾固体"", ""weight"": 1.0, ""evidence_refs"": [""kg-node:chemistry_9a_rjb_cpt108:definition"", ""kg-node:chemistry_9a_rjb_exp18:instrument""]}, {""id"": ""n2"", ""type"": ""condition"", ""text"": ""加热"", ""weight"": 1.0, ""evidence_refs"": [""kg-node:chemistry_9a_rjb_cpt108:definition"", ""kg-node:chemistry_9a_rjb_exp18:process""]}, {""id"": ""n3"", ""type"": ""process"", ""text"": ""氯酸钾分解生成氯化钾和氧气"", ""weight"": 1.0, ""evidence_refs"": [""kg-node:chemistry_9a_rjb_cpt108:definition"", ""kg-node:chemistry_9a_rjb_cpt108:formula"", ""kg-node:chemistry_9a_rjb_exp18:process""]}, {""id"": ""n4"", ""type"": ""entity"", ""text"": ""二氧化锰"", ""weight"": 1.0, ""evidence_refs"": [""kg-node:chemistry_9a_rjb_cpt108:definition"", ""kg-node:chemistry_9a_rjb_exp18:conclusion""]}, {""id"": ""n5"", ""type"": ""state"", ""text"": ""二氧化锰在反应前后质量和性质基本不变"", ""weight"": 1.0, ""evidence_refs"": [""kg-node:chemistry_9a_rjb_exp18:phenomena""]}, {""id"": ""n6"", ""type"": ""outcome"", ""text"": ""生成氧气"", ""weight"": 1.0, ""evidence_refs"": [""kg-node:chemistry_9a_rjb_cpt108:definition"", ""kg-node:chemistry_9a_rjb_cpt108:formula"", ""kg-node:chemistry_9a_rjb_exp18:phenomena""]}, {""id"": ""n7"", ""type"": ""outcome"", ""text"": ""生成氯化钾"", ""weight"": 1.0, ""evidence_refs"": [""kg-node:chemistry_9a_rjb_cpt108:definition"", ""kg-node:chemistry_9a_rjb_cpt108:formula"", ""kg-node:chemistry_9a_rjb_exp18:phenomena""]}, {""id"": ""n8"", ""type"": ""rule"", ""text"": ""分解反应：一种物质生成两种或两种以上其他物质"", ""weight"": 1.0, ""evidence_refs"": [""kg-node:chemistry_9a_rjb_cpt109:definition"", ""kg-node:chemistry_9a_rjb_cpt109:formula""]}]","[{""id"": ""e1"", ""source"": ""n1"", ""target"": ""n3"", ""relation"": ""enables"", ""weight"": 1.0, ""evidence_refs"": [""kg-node:chemistry_9a_rjb_cpt108:definition"", ""kg-node:chemistry_9a_rjb_exp18:process""]}, {""id"": ""e2"", ""source"": ""n2"", ""target"": ""n3"", ""relation"": ""enables"", ""weight"": 1.0, ""evidence_refs"": [""kg-node:chemistry_9a_rjb_cpt108:definition"", ""kg-node:chemistry_9a_rjb_cpt108:formula"", ""kg-node:chemistry_9a_rjb_exp18:process""]}, {""id"": ""e3"", ""source"": ""n4"", ""target"": ""n3"", ""relation"": ""enables"", ""weight"": 1.0, ""evidence_refs"": [""kg-node:chemistry_9a_rjb_cpt108:definition"", ""kg-node:chemistry_9a_rjb_exp18:conclusion""]}, {""id"": ""e4"", ""source"": ""n4"", ""target"": ""n5"", ""relation"": ""relates_to"", ""weight"": 1.0, ""evidence_refs"": [""kg-node:chemistry_9a_rjb_exp18:phenomena""]}, {""id"": ""e5"", ""source"": ""n3"", ""target"": ""n6"", ""relation"": ""produces"", ""weight"": 1.0, ""evidence_refs"": [""kg-node:chemistry_9a_rjb_cpt108:definition"", ""kg-node:chemistry_9a_rjb_cpt108:formula"", ""kg-node:chemistry_9a_rjb_exp18:phenomena""]}, {""id"": ""e6"", ""source"": ""n3"", ""target"": ""n7"", ""relation"": ""produces"", ""weight"": 1.0, ""evidence_refs"": [""kg-node:chemistry_9a_rjb_cpt108:definition"", ""kg-node:chemistry_9a_rjb_cpt108:formula"", ""kg-node:chemistry_9a_rjb_exp18:phenomena""]}, {""id"": ""e7"", ""source"": ""n3"", ""target"": ""n8"", ""relation"": ""is_a"", ""weight"": 1.0, ""evidence_refs"": [""kg-edge:normalized:edge:11281"", ""kg-node:chemistry_9a_rjb_cpt109:definition""]}, {""id"": ""e8"", ""source"": ""n3"", ""target"": ""n1"", ""relation"": ""requires"", ""weight"": 1.0, ""evidence_refs"": [""kg-node:chemistry_9a_rjb_cpt108:definition"", ""kg-node:chemistry_9a_rjb_exp18:instrument""]}, {""id"": ""e9"", ""source"": ""n3"", ""target"": ""n2"", ""relation"": ""requires"", ""weight"": 1.0, ""evidence_refs"": [""kg-node:chemistry_9a_rjb_cpt108:definition"", ""kg-node:chemistry_9a_rjb_cpt108:formula"", ""kg-node:chemistry_9a_rjb_exp18:process""]}, {""id"": ""e10"", ""source"": ""n3"", ""target"": ""n4"", ""relation"": ""requires"", ""weight"": 1.0, ""evidence_refs"": [""kg-node:chemistry_9a_rjb_cpt108:definition"", ""kg-node:chemistry_9a_rjb_exp18:conclusion""]}]",,,
chemistry_9a_rjb_cpt109,chemistry,分解反应,process,valid,[],"[{""id"": ""n1"", ""type"": ""process"", ""text"": ""分解反应：一种物质在一定条件下生成两种或两种以上其他物质的化学反应。"", ""weight"": 1.0, ""evidence_refs"": [""kg-node:chemistry_9a_rjb_cpt109:definition"", ""kg-node:chemistry_9a_rjb_cpt109:formula""]}, {""id"": ""n2"", ""type"": ""process"", ""text"": ""高锰酸钾受热分解反应：高锰酸钾受热时发生分解反应，生成二氧化锰、锰酸钾并放出氧气。"", ""weight"": 1.0, ""evidence_refs"": [""kg-node:chemistry_9a_rjb_cpt105:definition"", ""kg-node:chemistry_9a_rjb_cpt105:formula""]}, {""id"": ""n3"", ""type"": ""process"", ""text"": ""过氧化氢分解反应：过氧化氢在常温下能缓慢分解生成水和氧气，加入催化剂如二氧化锰后分解速率显著加快。"", ""weight"": 1.0, ""evidence_refs"": [""kg-node:chemistry_9a_rjb_cpt107:definition"", ""kg-node:chemistry_9a_rjb_cpt107:formula""]}, {""id"": ""n4"", ""type"": ""process"", ""text"": ""加热氯酸钾制取氧气：在混有二氧化锰的氯酸钾固体中加热，使氯酸钾分解生成氯化钾和氧气。"", ""weight"": 1.0, ""evidence_refs"": [""kg-node:chemistry_9a_rjb_cpt108:definition"", ""kg-node:chemistry_9a_rjb_cpt108:formula""]}, {""id"": ""n5"", ""type"": ""process"", ""text"": ""水的分解反应：水在电流等作用下分解生成氢气和氧气。"", ""weight"": 1.0, ""evidence_refs"": [""kg-node:chemistry_9a_rjb_cpt251:definition"", ""kg-node:chemistry_9a_rjb_cpt251:formula""]}, {""id"": ""n6"", ""type"": ""process"", ""text"": ""化合反应：由两种或两种以上物质起反应，生成一种新物质的化学反应。"", ""weight"": 1.0, ""evidence_refs"": [""kg-node:chemistry_9a_rjb_cpt96:definition"", ""kg-node:chemistry_9a_rjb_cpt96:formula""]}, {""id"": ""n7"", ""type"": ""rule"", ""text"": ""化学学习中的分类思想：根据一定标准把物质或反应归类，以便更系统、更高效地掌握化学知识。"", ""weight"": 1.0, ""evidence_refs"": [""kg-node:chemistry_9a_rjb_cpt118:definition"", ""kg-node:chemistry_9a_rjb_cpt118:examples""]}, {""id"": ""n8"", ""type"": ""rule"", ""text"": ""用分类方法学习化学：根据物质或反应的共同特征进行分类，通过对类的掌握来提高学习效率。"", ""weight"": 1.0, ""evidence_refs"": [""kg-node:chemistry_9a_rjb_skl28:description""]}]","[{""id"": ""e1"", ""source"": ""n2"", ""target"": ""n1"", ""relation"": ""is_a"", ""weight"": 1.0, ""evidence_refs"": [""kg-edge:normalized:edge:11277""]}, {""id"": ""e2"", ""source"": ""n3"", ""target"": ""n1"", ""relation"": ""is_a"", ""weight"": 1.0, ""evidence_refs"": [""kg-edge:normalized:edge:11279""]}, {""id"": ""e3"", ""source"": ""n4"", ""target"": ""n1"", ""relation"": ""is_a"", ""weight"": 1.0, ""evidence_refs"": [""kg-edge:normalized:edge:11281""]}, {""id"": ""e4"", ""source"": ""n5"", ""target"": ""n1"", ""relation"": ""is_a"", ""weight"": 1.0, ""evidence_refs"": [""kg-edge:normalized:edge:14998""]}, {""id"": ""e5"", ""source"": ""n1"", ""target"": ""n6"", ""relation"": ""relates_to"", ""weight"": 1.0, ""evidence_refs"": [""kg-edge:normalized:edge:18225""]}, {""id"": ""e6"", ""source"": ""n7"", ""target"": ""n1"", ""relation"": ""enables"", ""weight"": 1.0, ""evidence_refs"": [""kg-edge:normalized:edge:15003""]}, {""id"": ""e7"", ""source"": ""n8"", ""target"": ""n1"", ""relation"": ""enables"", ""weight"": 1.0, ""evidence_refs"": [""kg-edge:normalized:edge:15263""]}]",,,
chemistry_9a_rjb_cpt11,chemistry,大气压强,mechanism,valid,[],"[{""id"": ""n1"", ""type"": ""condition"", ""text"": ""大气压强"", ""weight"": 1.0, ""evidence_refs"": [""kg-node:chemistry_9a_rjb_cpt11:definition"", ""kg-node:chemistry_9a_rjb_cpt11:retrieval_text""]}, {""id"": ""n2"", ""type"": ""state"", ""text"": ""标准大气压强（101 kPa）"", ""weight"": 1.0, ""evidence_refs"": [""kg-node:chemistry_9a_rjb_cpt11:definition"", ""kg-node:chemistry_9a_rjb_cpt11:examples""]}, {""id"": ""n3"", ""type"": ""entity"", ""text"": ""沸点"", ""weight"": 1.0, ""evidence_refs"": [""kg-node:chemistry_9a_rjb_cpt10:definition"", ""kg-node:chemistry_9a_rjb_cpt10:retrieval_text""]}, {""id"": ""n4"", ""type"": ""entity"", ""text"": ""水的熔点和沸点"", ""weight"": 1.0, ""evidence_refs"": [""kg-node:chemistry_9a_rjb_cpt12:definition"", ""kg-node:chemistry_9a_rjb_cpt12:retrieval_text""]}, {""id"": ""n5"", ""type"": ""entity"", ""text"": ""铁的熔点和沸点"", ""weight"": 1.0, ""evidence_refs"": [""kg-node:chemistry_9a_rjb_cpt13:definition"", ""kg-node:chemistry_9a_rjb_cpt13:retrieval_text""]}, {""id"": ""n6"", ""type"": ""entity"", ""text"": ""铝的熔点和沸点"", ""weight"": 1.0, ""evidence_refs"": [""kg-node:chemistry_9a_rjb_cpt14:definition"", ""kg-node:chemistry_9a_rjb_cpt14:retrieval_text""]}, {""id"": ""n7"", ""type"": ""entity"", ""text"": ""氧气的熔点和沸点"", ""weight"": 1.0, ""evidence_refs"": [""kg-node:chemistry_9a_rjb_cpt15:definition"", ""kg-node:chemistry_9a_rjb_cpt15:retrieval_text""]}, {""id"": ""n8"", ""type"": ""rule"", ""text"": ""条件对物质性质的影响"", ""weight"": 1.0, ""evidence_refs"": [""kg-node:chemistry_9a_rjb_cpt21:definition"", ""kg-node:chemistry_9a_rjb_cpt21:retrieval_text""]}]","[{""id"": ""e1"", ""source"": ""n1"", ""target"": ""n2"", ""relation"": ""is_a"", ""weight"": 1.0, ""evidence_refs"": [""kg-node:chemistry_9a_rjb_cpt11:definition"", ""kg-node:chemistry_9a_rjb_cpt11:examples""]}, {""id"": ""e2"", ""source"": ""n1"", ""target"": ""n3"", ""relation"": ""enables"", ""weight"": 1.0, ""evidence_refs"": [""kg-edge:normalized:edge:14999"", ""kg-edge:normalized:edge:18222""]}, {""id"": ""e3"", ""source"": ""n3"", ""target"": ""n4"", ""relation"": ""produces"", ""weight"": 1.0, ""evidence_refs"": [""kg-edge:normalized:edge:14992"", ""kg-node:chemistry_9a_rjb_cpt12:definition""]}, {""id"": ""e4"", ""source"": ""n3"", ""target"": ""n5"", ""relation"": ""produces"", ""weight"": 1.0, ""evidence_refs"": [""kg-edge:normalized:edge:14993"", ""kg-node:chemistry_9a_rjb_cpt13:definition""]}, {""id"": ""e5"", ""source"": ""n3"", ""target"": ""n6"", ""relation"": ""produces"", ""weight"": 1.0, ""evidence_refs"": [""kg-edge:normalized:edge:14994"", ""kg-node:chemistry_9a_rjb_cpt14:definition""]}, {""id"": ""e6"", ""source"": ""n3"", ""target"": ""n7"", ""relation"": ""produces"", ""weight"": 1.0, ""evidence_refs"": [""kg-edge:normalized:edge:14995"", ""kg-node:chemistry_9a_rjb_cpt15:definition""]}, {""id"": ""e7"", ""source"": ""n8"", ""target"": ""n3"", ""relation"": ""constrains"", ""weight"": 1.0, ""evidence_refs"": [""kg-edge:normalized:edge:15075"", ""kg-node:chemistry_9a_rjb_cpt21:definition""]}]",,,
chemistry_9a_rjb_cpt110,chemistry,催化剂,process,valid,[],"[{""id"": ""n1"", ""type"": ""process"", ""text"": ""催化剂：一类能在化学反应中显著改变（通常是增大）化学反应速率，而自身的组成、化学性质和质量在反应前后不发生变化，并具有一定选择性的物质。"", ""weight"": 1.0, ""evidence_refs"": [""kg-node:chemistry_9a_rjb_cpt110:definition"", ""kg-node:chemistry_9a_rjb_cpt110:retrieval_text""]}, {""id"": ""n2"", ""type"": ""process"", ""text"": ""催化作用：催化剂在化学反应中所起的使反应速率发生改变的作用，而催化剂自身的质量和化学性质在反应前后基本不变。"", ""weight"": 1.0, ""evidence_refs"": [""kg-node:chemistry_9a_rjb_cpt111:definition"", ""kg-node:chemistry_9a_rjb_cpt111:retrieval_text""]}, {""id"": ""n3"", ""type"": ""entity"", ""text"": ""二氧化锰的催化作用：二氧化锰在过氧化氢分解和氯酸钾分解等反应中能显著改变反应速率，在反应前后质量和化学性质基本不变，因此属于催化剂。"", ""weight"": 1.0, ""evidence_refs"": [""kg-node:chemistry_9a_rjb_cpt112:definition"", ""kg-node:chemistry_9a_rjb_cpt112:retrieval_text""]}, {""id"": ""n4"", ""type"": ""entity"", ""text"": ""酶：由细胞产生的一类对生物体内化学反应具有催化作用的有机化合物，其中绝大多数是蛋白质，被称为生物催化剂。"", ""weight"": 1.0, ""evidence_refs"": [""kg-node:chemistry_9b_rjb_cpt265:definition"", ""kg-node:chemistry_9b_rjb_cpt265:retrieval_text""]}, {""id"": ""n5"", ""type"": ""state"", ""text"": ""化学反应速率：任何化学反应的快慢都表现为有关物质的量随着时间变化的多少，可以用单位时间、单位体积中反应物或生成物的物质的量变化来表示。"", ""weight"": 1.0, ""evidence_refs"": [""kg-node:chemistry_bx2_rjb_cpt128:definition"", ""kg-node:chemistry_bx2_rjb_cpt128:retrieval_text""]}, {""id"": ""n6"", ""type"": ""rule"", ""text"": ""影响化学反应速率的因素：反应速率首先由反应物的组成、结构和性质决定，还受浓度、压强、温度、催化剂等因素的影响。"", ""weight"": 1.0, ""evidence_refs"": [""kg-node:chemistry_bx2_rjb_cpt129:definition"", ""kg-node:chemistry_bx2_rjb_cpt129:retrieval_text""]}, {""id"": ""n7"", ""type"": ""rule"", ""text"": ""催化剂对化学反应速率的影响：在其它条件相同时，加入适当的催化剂可以显著改变化学反应速率，一般是加快反应速率，但不改变反应的方向和总反应结果。"", ""weight"": 1.0, ""evidence_refs"": [""kg-node:chemistry_bx2_rjb_cpt154:definition"", ""kg-node:chemistry_bx2_rjb_cpt154:retrieval_text""]}, {""id"": ""n8"", ""type"": ""process"", ""text"": ""通过前后对比分析催化剂作用：设计或利用有无催化剂、催化剂重复使用等对比实验，观察反应速率和催化剂本身变化情况，从而判断某物质是否为催化剂及其作用。"", ""weight"": 1.0, ""evidence_refs"": [""kg-node:chemistry_9a_rjb_skl27:description"", ""kg-node:chemistry_9a_rjb_skl27:retrieval_text""]}]","[{""id"": ""e1"", ""source"": ""n1"", ""target"": ""n2"", ""relation"": ""relates_to"", ""weight"": 1.0, ""evidence_refs"": [""kg-edge:normalized:edge:18226""]}, {""id"": ""e2"", ""source"": ""n1"", ""target"": ""n5"", ""relation"": ""relates_to"", ""weight"": 1.0, ""evidence_refs"": [""kg-edge:normalized:edge:18227""]}, {""id"": ""e3"", ""source"": ""n1"", ""target"": ""n6"", ""relation"": ""is_a"", ""weight"": 1.0, ""evidence_refs"": [""kg-edge:normalized:edge:11282""]}, {""id"": ""e4"", ""source"": ""n3"", ""target"": ""n1"", ""relation"": ""is_a"", ""weight"": 1.0, ""evidence_refs"": [""kg-edge:normalized:edge:11283""]}, {""id"": ""e5"", ""source"": ""n7"", ""target"": ""n1"", ""relation"": ""is_a"", ""weight"": 1.0, ""evidence_refs"": [""kg-edge:normalized:edge:11716""]}, {""id"": ""e6"", ""source"": ""n4"", ""target"": ""n1"", ""relation"": ""relates_to"", ""weight"": 1.0, ""evidence_refs"": [""kg-edge:normalized:edge:18522""]}, {""id"": ""e7"", ""source"": ""n1"", ""target"": ""n3"", ""relation"": ""enables"", ""weight"": 1.0, ""evidence_refs"": [""kg-edge:normalized:edge:15000""]}, {""id"": ""e8"", ""source"": ""n8"", ""target"": ""n1"", ""relation"": ""enables"", ""weight"": 1.0, ""evidence_refs"": [""kg-edge:normalized:edge:15262""]}]",,,
chemistry_9a_rjb_cpt111,chemistry,催化作用,process,valid,[],"[{""id"": ""n1"", ""type"": ""entity"", ""text"": ""催化剂"", ""weight"": 1.0, ""evidence_refs"": [""kg-node:chemistry_9a_rjb_cpt110:definition"", ""kg-node:chemistry_9a_rjb_cpt110:retrieval_text""]}, {""id"": ""n2"", ""type"": ""process"", ""text"": ""催化作用"", ""weight"": 1.0, ""evidence_refs"": [""kg-node:chemistry_9a_rjb_cpt111:definition"", ""kg-node:chemistry_9a_rjb_cpt111:retrieval_text""]}, {""id"": ""n3"", ""type"": ""outcome"", ""text"": ""反应速率改变"", ""weight"": 1.0, ""evidence_refs"": [""kg-node:chemistry_9a_rjb_cpt111:definition""]}, {""id"": ""n4"", ""type"": ""condition"", ""text"": ""催化剂自身质量和化学性质在反应前后基本不变"", ""weight"": 1.0, ""evidence_refs"": [""kg-node:chemistry_9a_rjb_cpt111:definition""]}, {""id"": ""n5"", ""type"": ""entity"", ""text"": ""催化剂的工业应用"", ""weight"": 1.0, ""evidence_refs"": [""kg-node:chemistry_9a_rjb_cpt113:definition"", ""kg-node:chemistry_9a_rjb_cpt113:retrieval_text""]}]","[{""id"": ""e1"", ""source"": ""n1"", ""target"": ""n2"", ""relation"": ""relates_to"", ""weight"": 1.0, ""evidence_refs"": [""kg-edge:normalized:edge:18226""]}, {""id"": ""e2"", ""source"": ""n2"", ""target"": ""n3"", ""relation"": ""produces"", ""weight"": 1.0, ""evidence_refs"": [""kg-node:chemistry_9a_rjb_cpt111:definition""]}, {""id"": ""e3"", ""source"": ""n4"", ""target"": ""n2"", ""relation"": ""constrains"", ""weight"": 1.0, ""evidence_refs"": [""kg-node:chemistry_9a_rjb_cpt111:definition""]}, {""id"": ""e4"", ""source"": ""n2"", ""target"": ""n5"", ""relation"": ""enables"", ""weight"": 1.0, ""evidence_refs"": [""kg-edge:normalized:edge:15001""]}]",,,
chemistry_9a_rjb_cpt112,chemistry,二氧化锰的催化作用,process,valid,[],"[{""id"": ""n1"", ""type"": ""process"", ""text"": ""二氧化锰的催化作用"", ""weight"": 1.0, ""evidence_refs"": [""kg-node:chemistry_9a_rjb_cpt112:definition"", ""kg-node:chemistry_9a_rjb_cpt112:retrieval_text""]}, {""id"": ""n2"", ""type"": ""entity"", ""text"": ""催化剂"", ""weight"": 1.0, ""evidence_refs"": [""kg-node:chemistry_9a_rjb_cpt110:definition"", ""kg-node:chemistry_9a_rjb_cpt110:retrieval_text""]}, {""id"": ""n3"", ""type"": ""evidence"", ""text"": ""过氧化氢分解实验中二氧化锰的作用"", ""weight"": 1.0, ""evidence_refs"": [""kg-node:chemistry_9a_rjb_exp17:conclusion"", ""kg-node:chemistry_9a_rjb_exp17:phenomena"", ""kg-node:chemistry_9a_rjb_exp17:process"", ""kg-node:chemistry_9a_rjb_exp17:retrieval_text""]}, {""id"": ""n4"", ""type"": ""evidence"", ""text"": ""加热混有二氧化锰的氯酸钾固体制取氧气"", ""weight"": 1.0, ""evidence_refs"": [""kg-node:chemistry_9a_rjb_exp18:conclusion"", ""kg-node:chemistry_9a_rjb_exp18:phenomena"", ""kg-node:chemistry_9a_rjb_exp18:process"", ""kg-node:chemistry_9a_rjb_exp18:retrieval_text""]}, {""id"": ""n5"", ""type"": ""condition"", ""text"": ""二氧化锰在过氧化氢分解和氯酸钾分解等反应中能显著改变反应速率，在反应前后质量和化学性质基本不变"", ""weight"": 1.0, ""evidence_refs"": [""kg-node:chemistry_9a_rjb_cpt112:definition"", ""kg-node:chemistry_9a_rjb_cpt112:retrieval_text""]}]","[{""id"": ""e1"", ""source"": ""n1"", ""target"": ""n2"", ""relation"": ""is_a"", ""weight"": 1.0, ""evidence_refs"": [""kg-edge:normalized:edge:11283"", ""kg-node:chemistry_9a_rjb_cpt112:definition"", ""kg-node:chemistry_9a_rjb_cpt110:definition""]}, {""id"": ""e2"", ""source"": ""n3"", ""target"": ""n1"", ""relation"": ""verifies"", ""weight"": 1.0, ""evidence_refs"": [""kg-edge:normalized:edge:22575"", ""kg-node:chemistry_9a_rjb_exp17:conclusion""]}, {""id"": ""e3"", ""source"": ""n4"", ""target"": ""n1"", ""relation"": ""verifies"", ""weight"": 1.0, ""evidence_refs"": [""kg-edge:normalized:edge:22577"", ""kg-node:chemistry_9a_rjb_exp18:conclusion""]}, {""id"": ""e4"", ""source"": ""n5"", ""target"": ""n1"", ""relation"": ""enables"", ""weight"": 1.0, ""evidence_refs"": [""kg-node:chemistry_9a_rjb_cpt112:definition"", ""kg-node:chemistry_9a_rjb_cpt112:retrieval_text""]}]",,,
chemistry_9a_rjb_cpt113,chemistry,催化剂的工业应用,mechanism,valid,[],"[{""id"": ""n1"", ""type"": ""process"", ""text"": ""催化作用"", ""weight"": 1.0, ""evidence_refs"": [""kg-node:chemistry_9a_rjb_cpt111:definition""]}, {""id"": ""n2"", ""type"": ""process"", ""text"": ""催化剂的工业应用"", ""weight"": 1.0, ""evidence_refs"": [""kg-node:chemistry_9a_rjb_cpt113:definition""]}, {""id"": ""n3"", ""type"": ""outcome"", ""text"": ""化工生产中许多过程必须依靠催化剂才能有效进行"", ""weight"": 1.0, ""evidence_refs"": [""kg-node:chemistry_9a_rjb_cpt113:definition""]}, {""id"": ""n4"", ""type"": ""evidence"", ""text"": ""生产化肥、农药、多种化工原料都要使用催化剂；石油炼制过程中用高效催化剂生产汽油、煤油等；汽车尾气处理中用催化剂促进有害气体的转化；酿造工业和制药工业中用酶作催化剂"", ""weight"": 1.0, ""evidence_refs"": [""kg-node:chemistry_9a_rjb_cpt113:examples""]}]","[{""id"": ""e1"", ""source"": ""n1"", ""target"": ""n2"", ""relation"": ""enables"", ""weight"": 1.0, ""evidence_refs"": [""kg-edge:normalized:edge:15001""]}, {""id"": ""e2"", ""source"": ""n2"", ""target"": ""n3"", ""relation"": ""produces"", ""weight"": 1.0, ""evidence_refs"": [""kg-node:chemistry_9a_rjb_cpt113:definition""]}, {""id"": ""e3"", ""source"": ""n4"", ""target"": ""n2"", ""relation"": ""verifies"", ""weight"": 1.0, ""evidence_refs"": [""kg-node:chemistry_9a_rjb_cpt113:examples""]}]",,,
chemistry_9a_rjb_cpt114,chemistry,工业制取氧气的方法,mechanism,valid,[],"[{""id"": ""n1"", ""type"": ""process"", ""text"": ""工业制取氧气的方法"", ""weight"": 1.0, ""evidence_refs"": [""kg-node:chemistry_9a_rjb_cpt114:definition"", ""kg-node:chemistry_9a_rjb_cpt114:retrieval_text""]}, {""id"": ""n2"", ""type"": ""process"", ""text"": ""液态空气的分馏制氧"", ""weight"": 1.0, ""evidence_refs"": [""kg-node:chemistry_9a_rjb_cpt115:definition"", ""kg-node:chemistry_9a_rjb_cpt115:retrieval_text""]}, {""id"": ""n3"", ""type"": ""process"", ""text"": ""膜分离制取富氧空气"", ""weight"": 1.0, ""evidence_refs"": [""kg-node:chemistry_9a_rjb_cpt116:definition"", ""kg-node:chemistry_9a_rjb_cpt116:retrieval_text""]}, {""id"": ""n4"", ""type"": ""entity"", ""text"": ""氧气"", ""weight"": 1.0, ""evidence_refs"": [""kg-node:chemistry_9a_rjb_cpt66:definition"", ""kg-node:chemistry_9a_rjb_cpt66:retrieval_text""]}, {""id"": ""n5"", ""type"": ""condition"", ""text"": ""低温条件"", ""weight"": 0.8, ""evidence_refs"": [""kg-node:chemistry_9a_rjb_cpt115:definition"", ""kg-node:chemistry_9a_rjb_cpt115:examples""]}, {""id"": ""n6"", ""type"": ""condition"", ""text"": ""加压条件"", ""weight"": 0.8, ""evidence_refs"": [""kg-node:chemistry_9a_rjb_cpt115:definition"", ""kg-node:chemistry_9a_rjb_cpt115:examples""]}, {""id"": ""n7"", ""type"": ""condition"", ""text"": ""一定压力"", ""weight"": 0.8, ""evidence_refs"": [""kg-node:chemistry_9a_rjb_cpt116:definition"", ""kg-node:chemistry_9a_rjb_cpt116:retrieval_text""]}, {""id"": ""n8"", ""type"": ""state"", ""text"": ""富氧空气"", ""weight"": 0.8, ""evidence_refs"": [""kg-node:chemistry_9a_rjb_cpt116:definition"", ""kg-node:chemistry_9a_rjb_cpt116:examples""]}]","[{""id"": ""e1"", ""source"": ""n2"", ""target"": ""n1"", ""relation"": ""is_a"", ""weight"": 1.0, ""evidence_refs"": [""kg-edge:normalized:edge:11284""]}, {""id"": ""e2"", ""source"": ""n3"", ""target"": ""n1"", ""relation"": ""is_a"", ""weight"": 1.0, ""evidence_refs"": [""kg-edge:normalized:edge:11285""]}, {""id"": ""e3"", ""source"": ""n4"", ""target"": ""n1"", ""relation"": ""requires"", ""weight"": 1.0, ""evidence_refs"": [""kg-edge:normalized:edge:15224""]}, {""id"": ""e4"", ""source"": ""n5"", ""target"": ""n2"", ""relation"": ""requires"", ""weight"": 0.8, ""evidence_refs"": [""kg-node:chemistry_9a_rjb_cpt115:definition"", ""kg-node:chemistry_9a_rjb_cpt115:examples""]}, {""id"": ""e5"", ""source"": ""n6"", ""target"": ""n2"", ""relation"": ""requires"", ""weight"": 0.8, ""evidence_refs"": [""kg-node:chemistry_9a_rjb_cpt115:definition"", ""kg-node:chemistry_9a_rjb_cpt115:examples""]}, {""id"": ""e6"", ""source"": ""n7"", ""target"": ""n3"", ""relation"": ""requires"", ""weight"": 0.8, ""evidence_refs"": [""kg-node:chemistry_9a_rjb_cpt116:definition"", ""kg-node:chemistry_9a_rjb_cpt116:retrieval_text""]}, {""id"": ""e7"", ""source"": ""n3"", ""target"": ""n8"", ""relation"": ""produces"", ""weight"": 0.8, ""evidence_refs"": [""kg-node:chemistry_9a_rjb_cpt116:definition"", ""kg-node:chemistry_9a_rjb_cpt116:examples""]}, {""id"": ""e8"", ""source"": ""n2"", ""target"": ""n4"", ""relation"": ""produces"", ""weight"": 0.8, ""evidence_refs"": [""kg-node:chemistry_9a_rjb_cpt115:definition"", ""kg-node:chemistry_9a_rjb_cpt115:examples""]}]",,,
chemistry_9a_rjb_cpt115,chemistry,液态空气的分馏制氧,mechanism,valid,[],"[{""id"": ""n1"", ""type"": ""condition"", ""text"": ""低温条件下加压使空气转变为液态"", ""weight"": 1.0, ""evidence_refs"": [""kg-node:chemistry_9a_rjb_cpt115:definition""]}, {""id"": ""n2"", ""type"": ""condition"", ""text"": ""氮气和氧气沸点不同"", ""weight"": 1.0, ""evidence_refs"": [""kg-node:chemistry_9a_rjb_cpt115:definition"", ""kg-node:chemistry_9a_rjb_cpt121:definition""]}, {""id"": ""n3"", ""type"": ""process"", ""text"": ""升温使氮气先蒸出"", ""weight"": 1.0, ""evidence_refs"": [""kg-node:chemistry_9a_rjb_cpt115:definition"", ""kg-node:chemistry_9a_rjb_cpt115:examples""]}, {""id"": ""n4"", ""type"": ""outcome"", ""text"": ""获得氧气"", ""weight"": 1.0, ""evidence_refs"": [""kg-node:chemistry_9a_rjb_cpt115:definition""]}, {""id"": ""n5"", ""type"": ""entity"", ""text"": ""液态空气的分馏制氧"", ""weight"": 1.0, ""evidence_refs"": [""kg-node:chemistry_9a_rjb_cpt115:name""]}, {""id"": ""n6"", ""type"": ""entity"", ""text"": ""工业制取氧气的方法"", ""weight"": 1.0, ""evidence_refs"": [""kg-node:chemistry_9a_rjb_cpt114:definition""]}]","[{""id"": ""e1"", ""source"": ""n1"", ""target"": ""n3"", ""relation"": ""enables"", ""weight"": 1.0, ""evidence_refs"": [""kg-node:chemistry_9a_rjb_cpt115:definition""]}, {""id"": ""e2"", ""source"": ""n2"", ""target"": ""n3"", ""relation"": ""enables"", ""weight"": 1.0, ""evidence_refs"": [""kg-node:chemistry_9a_rjb_cpt115:definition"", ""kg-node:chemistry_9a_rjb_cpt121:definition""]}, {""id"": ""e3"", ""source"": ""n3"", ""target"": ""n4"", ""relation"": ""produces"", ""weight"": 1.0, ""evidence_refs"": [""kg-node:chemistry_9a_rjb_cpt115:definition""]}, {""id"": ""e4"", ""source"": ""n5"", ""target"": ""n6"", ""relation"": ""is_a"", ""weight"": 1.0, ""evidence_refs"": [""kg-edge:normalized:edge:11284""]}, {""id"": ""e5"", ""source"": ""n2"", ""target"": ""n5"", ""relation"": ""enables"", ""weight"": 1.0, ""evidence_refs"": [""kg-edge:normalized:edge:15004""]}]",,,
chemistry_9a_rjb_cpt116,chemistry,膜分离制取富氧空气,mechanism,valid,[],"[{""id"": ""n1"", ""type"": ""process"", ""text"": ""膜分离制取富氧空气"", ""weight"": 1.0, ""evidence_refs"": [""kg-node:chemistry_9a_rjb_cpt116:definition"", ""kg-node:chemistry_9a_rjb_cpt116:retrieval_text""]}, {""id"": ""n2"", ""type"": ""process"", ""text"": ""工业制取氧气的方法"", ""weight"": 1.0, ""evidence_refs"": [""kg-node:chemistry_9a_rjb_cpt114:definition"", ""kg-node:chemistry_9a_rjb_cpt114:retrieval_text""]}, {""id"": ""n3"", ""type"": ""entity"", ""text"": ""氧气"", ""weight"": 1.0, ""evidence_refs"": [""kg-node:chemistry_9a_rjb_cpt66:definition"", ""kg-node:chemistry_9a_rjb_cpt66:retrieval_text""]}, {""id"": ""n4"", ""type"": ""process"", ""text"": ""液态空气的分馏制氧"", ""weight"": 1.0, ""evidence_refs"": [""kg-node:chemistry_9a_rjb_cpt115:definition"", ""kg-node:chemistry_9a_rjb_cpt115:retrieval_text""]}, {""id"": ""n5"", ""type"": ""condition"", ""text"": ""具有富集氧气功能的薄膜"", ""weight"": 1.0, ""evidence_refs"": [""kg-node:chemistry_9a_rjb_cpt116:definition""]}, {""id"": ""n6"", ""type"": ""condition"", ""text"": ""一定压力"", ""weight"": 1.0, ""evidence_refs"": [""kg-node:chemistry_9a_rjb_cpt116:definition""]}, {""id"": ""n7"", ""type"": ""state"", ""text"": ""富氧空气"", ""weight"": 1.0, ""evidence_refs"": [""kg-node:chemistry_9a_rjb_cpt116:definition"", ""kg-node:chemistry_9a_rjb_cpt116:examples""]}]","[{""id"": ""e1"", ""source"": ""n1"", ""target"": ""n2"", ""relation"": ""is_a"", ""weight"": 1.0, ""evidence_refs"": [""kg-edge:normalized:edge:11285""]}, {""id"": ""e2"", ""source"": ""n3"", ""target"": ""n2"", ""relation"": ""relates_to"", ""weight"": 1.0, ""evidence_refs"": [""kg-edge:normalized:edge:15224""]}, {""id"": ""e3"", ""source"": ""n4"", ""target"": ""n2"", ""relation"": ""is_a"", ""weight"": 1.0, ""evidence_refs"": [""kg-edge:normalized:edge:11284""]}, {""id"": ""e4"", ""source"": ""n5"", ""target"": ""n1"", ""relation"": ""enables"", ""weight"": 1.0, ""evidence_refs"": [""kg-node:chemistry_9a_rjb_cpt116:definition""]}, {""id"": ""e5"", ""source"": ""n6"", ""target"": ""n1"", ""relation"": ""enables"", ""weight"": 1.0, ""evidence_refs"": [""kg-node:chemistry_9a_rjb_cpt116:definition""]}, {""id"": ""e6"", ""source"": ""n1"", ""target"": ""n7"", ""relation"": ""produces"", ""weight"": 1.0, ""evidence_refs"": [""kg-node:chemistry_9a_rjb_cpt116:definition""]}]",,,
math_1a_rjb_cpt1,math,数物体（数一数）,relation,valid,[],"[{""id"": ""n1"", ""type"": ""process"", ""text"": ""通过观察，对给定的物体逐一计数，确定物体的数量。"", ""weight"": 1.0, ""evidence_refs"": [""kg-node:math_1a_rjb_cpt1:definition""]}, {""id"": ""n2"", ""type"": ""process"", ""text"": ""根据物体数量的多少进行比较，判断哪个多、哪个少，或者是否一样多。"", ""weight"": 1.0, ""evidence_refs"": [""kg-node:math_1a_rjb_cpt2:definition""]}, {""id"": ""n3"", ""type"": ""process"", ""text"": ""通过将两组物体一一配对来比较数量的多少。"", ""weight"": 1.0, ""evidence_refs"": [""kg-node:math_1a_rjb_cpt3:definition""]}]","[{""id"": ""e1"", ""source"": ""n1"", ""target"": ""n2"", ""relation"": ""relates_to"", ""weight"": 1.0, ""evidence_refs"": [""kg-edge:normalized:edge:19305""]}, {""id"": ""e2"", ""source"": ""n1"", ""target"": ""n3"", ""relation"": ""enables"", ""weight"": 1.0, ""evidence_refs"": [""kg-edge:normalized:edge:16335""]}]",,,
math_1a_rjb_cpt10,math,小于号含义,relation,valid,[],"[{""id"": ""n1"", ""type"": ""condition"", ""text"": ""等号含义：表示两边数量相同。"", ""weight"": 1.0, ""evidence_refs"": [""kg-node:math_1a_rjb_cpt8:definition""]}, {""id"": ""n2"", ""type"": ""condition"", ""text"": ""小于号含义：表示前面的数量比后面的数量少。"", ""weight"": 1.0, ""evidence_refs"": [""kg-node:math_1a_rjb_cpt10:definition""]}]","[{""id"": ""e1"", ""source"": ""n1"", ""target"": ""n2"", ""relation"": ""relates_to"", ""weight"": 1.0, ""evidence_refs"": [""kg-edge:normalized:edge:19331""]}]",,,
math_1a_rjb_cpt11,math,加法的含义,relation,valid,[],"[{""id"": ""n1"", ""type"": ""condition"", ""text"": ""认识并能数出1到5的数量，理解数字与数量的一一对应"", ""weight"": 1.0, ""evidence_refs"": [""kg-node:math_1a_rjb_cpt7:definition"", ""kg-node:math_1a_rjb_cpt7:retrieval_text""]}, {""id"": ""n2"", ""type"": ""process"", ""text"": ""表示两个数量合并在一起"", ""weight"": 1.0, ""evidence_refs"": [""kg-node:math_1a_rjb_cpt11:definition"", ""kg-node:math_1a_rjb_cpt11:retrieval_text""]}]","[{""id"": ""e1"", ""source"": ""n1"", ""target"": ""n2"", ""relation"": ""enables"", ""weight"": 1.0, ""evidence_refs"": [""kg-edge:normalized:edge:16375""]}]",,,
math_1a_rjb_cpt12,math,减法的含义,relation,valid,[],"[{""id"": ""n1"", ""type"": ""condition"", ""text"": ""认识并能数出1到5的数量，理解数字与数量的一一对应"", ""weight"": 1.0, ""evidence_refs"": [""kg-node:math_1a_rjb_cpt7:definition""]}, {""id"": ""n2"", ""type"": ""process"", ""text"": ""从一个数量中去掉一部分"", ""weight"": 1.0, ""evidence_refs"": [""kg-node:math_1a_rjb_cpt12:definition""]}]","[{""id"": ""e1"", ""source"": ""n1"", ""target"": ""n2"", ""relation"": ""enables"", ""weight"": 1.0, ""evidence_refs"": [""kg-edge:normalized:edge:16376""]}]",,,
math_1a_rjb_cpt13,math,数字0的含义,relation,valid,[],"[{""id"": ""n1"", ""type"": ""entity"", ""text"": ""数字0"", ""weight"": 1.0, ""evidence_refs"": [""kg-node:math_1a_rjb_cpt13:definition"", ""kg-node:math_1a_rjb_cpt13:retrieval_text""]}, {""id"": ""n2"", ""type"": ""state"", ""text"": ""没有数量"", ""weight"": 1.0, ""evidence_refs"": [""kg-node:math_1a_rjb_cpt13:definition"", ""kg-node:math_1a_rjb_cpt13:retrieval_text""]}]","[{""id"": ""e1"", ""source"": ""n1"", ""target"": ""n2"", ""relation"": ""is_a"", ""weight"": 1.0, ""evidence_refs"": [""kg-node:math_1a_rjb_cpt13:definition"", ""kg-node:math_1a_rjb_cpt13:retrieval_text""]}]",,,
math_1a_rjb_cpt14,math,长方体,relation,valid,[],"[{""id"": ""n1"", ""type"": ""entity"", ""text"": ""长方体：由6个长方形（特殊情况有两个相对的面是正方形）围成的立体图形，相对的面完全相同，相对的棱长度相等，有6个面、12条棱、8个顶点。"", ""weight"": 1.0, ""evidence_refs"": [""kg-node:math_1a_rjb_cpt14:definition""]}, {""id"": ""n2"", ""type"": ""entity"", ""text"": ""正方体：由6个完全相同的正方形围成的立体图形，所有棱长度都相等，是长宽高都相等的长方体。"", ""weight"": 1.0, ""evidence_refs"": [""kg-node:math_1a_rjb_cpt15:definition""]}, {""id"": ""n3"", ""type"": ""process"", ""text"": ""按形状分类：根据物体或图形的外形特征进行分类的方法。"", ""weight"": 1.0, ""evidence_refs"": [""kg-node:math_1a_rjb_cpt18:definition""]}, {""id"": ""n4"", ""type"": ""process"", ""text"": ""拼搭立体图形：利用积木进行组合、拆分，形成新的立体结构。"", ""weight"": 1.0, ""evidence_refs"": [""kg-node:math_1a_rjb_skl9:description""]}, {""id"": ""n5"", ""type"": ""entity"", ""text"": ""表面积：长方体或正方体6个面的面积之和叫做它的表面积。"", ""weight"": 1.0, ""evidence_refs"": [""kg-node:math_5b_rjb_cpt14:definition""]}, {""id"": ""n6"", ""type"": ""rule"", ""text"": ""长方体体积公式：长方体体积=长×宽×高，也可写为V=a·b·h。"", ""weight"": 1.0, ""evidence_refs"": [""kg-node:math_5b_rjb_cpt16:definition"", ""kg-node:math_5b_rjb_cpt16:formula""]}]","[{""id"": ""e1"", ""source"": ""n1"", ""target"": ""n3"", ""relation"": ""is_a"", ""weight"": 1.0, ""evidence_refs"": [""kg-edge:normalized:edge:12132""]}, {""id"": ""e2"", ""source"": ""n2"", ""target"": ""n1"", ""relation"": ""is_a"", ""weight"": 1.0, ""evidence_refs"": [""kg-edge:normalized:edge:12133""]}, {""id"": ""e3"", ""source"": ""n1"", ""target"": ""n2"", ""relation"": ""relates_to"", ""weight"": 1.0, ""evidence_refs"": [""kg-edge:normalized:edge:19306""]}, {""id"": ""e4"", ""source"": ""n1"", ""target"": ""n5"", ""relation"": ""enables"", ""weight"": 1.0, ""evidence_refs"": [""kg-edge:normalized:edge:16337""]}, {""id"": ""e5"", ""source"": ""n1"", ""target"": ""n6"", ""relation"": ""enables"", ""weight"": 1.0, ""evidence_refs"": [""kg-edge:normalized:edge:16338""]}, {""id"": ""e6"", ""source"": ""n1"", ""target"": ""n4"", ""relation"": ""enables"", ""weight"": 1.0, ""evidence_refs"": [""kg-edge:normalized:edge:16336""]}]",,,
math_1a_rjb_cpt15,math,正方体,relation,valid,[],"[{""id"": ""n1"", ""type"": ""entity"", ""text"": ""正方体：由6个完全相同的正方形围成的立体图形，所有棱长度都相等，是长宽高都相等的长方体。"", ""weight"": 1.0, ""evidence_refs"": [""kg-node:math_1a_rjb_cpt15:definition"", ""kg-node:math_1a_rjb_cpt15:retrieval_text""]}, {""id"": ""n2"", ""type"": ""entity"", ""text"": ""长方体：由6个长方形（特殊情况有两个相对的面是正方形）围成的立体图形，相对的面完全相同，相对的棱长度相等，有6个面、12条棱、8个顶点。"", ""weight"": 1.0, ""evidence_refs"": [""kg-node:math_1a_rjb_cpt14:definition"", ""kg-node:math_1a_rjb_cpt14:retrieval_text""]}, {""id"": ""n3"", ""type"": ""process"", ""text"": ""按形状分类：根据物体或图形的外形特征进行分类的方法。"", ""weight"": 1.0, ""evidence_refs"": [""kg-node:math_1a_rjb_cpt18:definition"", ""kg-node:math_1a_rjb_cpt18:retrieval_text""]}, {""id"": ""n4"", ""type"": ""process"", ""text"": ""拼搭立体图形：利用积木进行组合、拆分，形成新的立体结构。"", ""weight"": 1.0, ""evidence_refs"": [""kg-node:math_1a_rjb_skl9:description"", ""kg-node:math_1a_rjb_skl9:retrieval_text""]}, {""id"": ""n5"", ""type"": ""rule"", ""text"": ""正方体体积公式：正方体体积=棱长×棱长×棱长，写作V=a³。"", ""weight"": 1.0, ""evidence_refs"": [""kg-node:math_5b_rjb_cpt17:definition"", ""kg-node:math_5b_rjb_cpt17:formula"", ""kg-node:math_5b_rjb_cpt17:retrieval_text""]}]","[{""id"": ""e1"", ""source"": ""n1"", ""target"": ""n2"", ""relation"": ""is_a"", ""weight"": 1.0, ""evidence_refs"": [""kg-edge:normalized:edge:12133""]}, {""id"": ""e2"", ""source"": ""n1"", ""target"": ""n3"", ""relation"": ""is_a"", ""weight"": 1.0, ""evidence_refs"": [""kg-edge:normalized:edge:12134""]}, {""id"": ""e3"", ""source"": ""n2"", ""target"": ""n1"", ""relation"": ""relates_to"", ""weight"": 1.0, ""evidence_refs"": [""kg-edge:normalized:edge:19306""]}, {""id"": ""e4"", ""source"": ""n1"", ""target"": ""n4"", ""relation"": ""enables"", ""weight"": 1.0, ""evidence_refs"": [""kg-edge:normalized:edge:16339""]}, {""id"": ""e5"", ""source"": ""n1"", ""target"": ""n5"", ""relation"": ""enables"", ""weight"": 1.0, ""evidence_refs"": [""kg-edge:normalized:edge:16340""]}]",,,
math_1a_rjb_cpt16,math,圆柱,relation,valid,[],"[{""id"": ""n1"", ""type"": ""entity"", ""text"": ""圆柱"", ""weight"": 1.0, ""evidence_refs"": [""kg-node:math_1a_rjb_cpt16:definition"", ""kg-node:math_1a_rjb_cpt16:retrieval_text""]}, {""id"": ""n2"", ""type"": ""entity"", ""text"": ""按形状分类"", ""weight"": 1.0, ""evidence_refs"": [""kg-node:math_1a_rjb_cpt18:definition"", ""kg-node:math_1a_rjb_cpt18:retrieval_text""]}, {""id"": ""n3"", ""type"": ""entity"", ""text"": ""旋转体"", ""weight"": 1.0, ""evidence_refs"": [""kg-node:math_bx2_rjb_cpt59:definition"", ""kg-node:math_bx2_rjb_cpt59:retrieval_text""]}, {""id"": ""n4"", ""type"": ""entity"", ""text"": ""圆锥"", ""weight"": 1.0, ""evidence_refs"": [""kg-node:math_6b_rjb_cpt15:definition"", ""kg-node:math_6b_rjb_cpt15:retrieval_text""]}]","[{""id"": ""e1"", ""source"": ""n1"", ""target"": ""n2"", ""relation"": ""is_a"", ""weight"": 1.0, ""evidence_refs"": [""kg-edge:normalized:edge:12135""]}, {""id"": ""e2"", ""source"": ""n1"", ""target"": ""n3"", ""relation"": ""is_a"", ""weight"": 1.0, ""evidence_refs"": [""kg-edge:normalized:edge:12136""]}, {""id"": ""e3"", ""source"": ""n1"", ""target"": ""n4"", ""relation"": ""relates_to"", ""weight"": 1.0, ""evidence_refs"": [""kg-edge:normalized:edge:19307""]}]",,,
math_1a_rjb_cpt17,math,球体,relation,valid,[],"[{""id"": ""n1"", ""type"": ""entity"", ""text"": ""球体"", ""weight"": 1.0, ""evidence_refs"": [""kg-node:math_1a_rjb_cpt17:definition"", ""kg-node:math_1a_rjb_cpt17:examples"", ""kg-node:math_1a_rjb_cpt17:retrieval_text""]}, {""id"": ""n2"", ""type"": ""process"", ""text"": ""按形状分类"", ""weight"": 1.0, ""evidence_refs"": [""kg-node:math_1a_rjb_cpt18:definition"", ""kg-node:math_1a_rjb_cpt18:examples"", ""kg-node:math_1a_rjb_cpt18:retrieval_text""]}]","[{""id"": ""e1"", ""source"": ""n1"", ""target"": ""n2"", ""relation"": ""is_a"", ""weight"": 1.0, ""evidence_refs"": [""kg-edge:normalized:edge:12137""]}]",,,
math_1a_rjb_cpt18,math,按形状分类,method,valid,[],"[{""id"": ""n1"", ""type"": ""condition"", ""text"": ""观察与比较立体图形"", ""weight"": 1.0, ""evidence_refs"": [""kg-node:math_1a_rjb_skl8:description"", ""kg-node:math_1a_rjb_skl8:name"", ""kg-node:math_1a_rjb_skl8:retrieval_text"", ""kg-edge:normalized:edge:16390""]}, {""id"": ""n2"", ""type"": ""process"", ""text"": ""按形状分类"", ""weight"": 1.0, ""evidence_refs"": [""kg-node:math_1a_rjb_cpt18:definition"", ""kg-node:math_1a_rjb_cpt18:examples"", ""kg-node:math_1a_rjb_cpt18:importance"", ""kg-node:math_1a_rjb_cpt18:name"", ""kg-node:math_1a_rjb_cpt18:retrieval_text""]}, {""id"": ""n3"", ""type"": ""entity"", ""text"": ""长方体"", ""weight"": 1.0, ""evidence_refs"": [""kg-node:math_1a_rjb_cpt14:definition"", ""kg-node:math_1a_rjb_cpt14:examples"", ""kg-node:math_1a_rjb_cpt14:importance"", ""kg-node:math_1a_rjb_cpt14:name"", ""kg-node:math_1a_rjb_cpt14:pages"", ""kg-node:math_1a_rjb_cpt14:retrieval_text""]}, {""id"": ""n4"", ""type"": ""entity"", ""text"": ""正方体"", ""weight"": 1.0, ""evidence_refs"": [""kg-node:math_1a_rjb_cpt15:aliases"", ""kg-node:math_1a_rjb_cpt15:definition"", ""kg-node:math_1a_rjb_cpt15:examples"", ""kg-node:math_1a_rjb_cpt15:importance"", ""kg-node:math_1a_rjb_cpt15:name"", ""kg-node:math_1a_rjb_cpt15:pages"", ""kg-node:math_1a_rjb_cpt15:retrieval_text""]}, {""id"": ""n5"", ""type"": ""entity"", ""text"": ""圆柱"", ""weight"": 1.0, ""evidence_refs"": [""kg-node:math_1a_rjb_cpt16:aliases"", ""kg-node:math_1a_rjb_cpt16:definition"", ""kg-node:math_1a_rjb_cpt16:examples"", ""kg-node:math_1a_rjb_cpt16:importance"", ""kg-node:math_1a_rjb_cpt16:name"", ""kg-node:math_1a_rjb_cpt16:retrieval_text""]}, {""id"": ""n6"", ""type"": ""entity"", ""text"": ""球体"", ""weight"": 1.0, ""evidence_refs"": [""kg-node:math_1a_rjb_cpt17:definition"", ""kg-node:math_1a_rjb_cpt17:examples"", ""kg-node:math_1a_rjb_cpt17:importance"", ""kg-node:math_1a_rjb_cpt17:name"", ""kg-node:math_1a_rjb_cpt17:retrieval_text""]}]","[{""id"": ""e1"", ""source"": ""n1"", ""target"": ""n2"", ""relation"": ""enables"", ""weight"": 1.0, ""evidence_refs"": [""kg-edge:normalized:edge:16390""]}, {""id"": ""e2"", ""source"": ""n3"", ""target"": ""n2"", ""relation"": ""is_a"", ""weight"": 1.0, ""evidence_refs"": [""kg-edge:normalized:edge:12132""]}, {""id"": ""e3"", ""source"": ""n4"", ""target"": ""n2"", ""relation"": ""is_a"", ""weight"": 1.0, ""evidence_refs"": [""kg-edge:normalized:edge:12134""]}, {""id"": ""e4"", ""source"": ""n5"", ""target"": ""n2"", ""relation"": ""is_a"", ""weight"": 1.0, ""evidence_refs"": [""kg-edge:normalized:edge:12135""]}, {""id"": ""e5"", ""source"": ""n6"", ""target"": ""n2"", ""relation"": ""is_a"", ""weight"": 1.0, ""evidence_refs"": [""kg-edge:normalized:edge:12137""]}]",,,
math_1a_rjb_cpt19,math,数字6和7的认识,relation,valid,[],"[{""id"": ""n1"", ""type"": ""condition"", ""text"": ""能够通过数物体、读数字、写数字、比较大小等方式认识数字6和7"", ""weight"": 1.0, ""evidence_refs"": [""kg-node:math_1a_rjb_cpt19:definition"", ""kg-node:math_1a_rjb_cpt19:retrieval_text""]}, {""id"": ""n2"", ""type"": ""process"", ""text"": ""通过将数量合并，理解得到6或7的加法算式，如5+1=6、1+5=6"", ""weight"": 1.0, ""evidence_refs"": [""kg-node:math_1a_rjb_cpt20:definition"", ""kg-node:math_1a_rjb_cpt20:retrieval_text""]}, {""id"": ""n3"", ""type"": ""process"", ""text"": ""通过从已有数量中去掉一部分，得到差为6或7的减法算式，如7-2=5"", ""weight"": 1.0, ""evidence_refs"": [""kg-node:math_1a_rjb_cpt21:definition"", ""kg-node:math_1a_rjb_cpt21:retrieval_text""]}, {""id"": ""n4"", ""type"": ""process"", ""text"": ""把6或7分成两个部分，了解所有不同的分法，如7分成1和6、2和5、3和4"", ""weight"": 1.0, ""evidence_refs"": [""kg-node:math_1a_rjb_cpt22:definition"", ""kg-node:math_1a_rjb_cpt22:examples"", ""kg-node:math_1a_rjb_cpt22:retrieval_text""]}]","[{""id"": ""e1"", ""source"": ""n1"", ""target"": ""n2"", ""relation"": ""relates_to"", ""weight"": 1.0, ""evidence_refs"": [""kg-edge:normalized:edge:19308""]}, {""id"": ""e2"", ""source"": ""n1"", ""target"": ""n3"", ""relation"": ""relates_to"", ""weight"": 1.0, ""evidence_refs"": [""kg-edge:normalized:edge:19309""]}, {""id"": ""e3"", ""source"": ""n1"", ""target"": ""n4"", ""relation"": ""enables"", ""weight"": 1.0, ""evidence_refs"": [""kg-edge:normalized:edge:16341""]}]",,,
math_1a_rjb_cpt2,math,比较数量（多、少、一样多）,relation,valid,[],"[{""id"": ""n1"", ""type"": ""process"", ""text"": ""数物体（数一数）：通过观察，对给定的物体逐一计数，确定物体的数量。"", ""weight"": 1.0, ""evidence_refs"": [""kg-node:math_1a_rjb_cpt1:definition"", ""kg-node:math_1a_rjb_cpt1:retrieval_text""]}, {""id"": ""n2"", ""type"": ""process"", ""text"": ""一一对应比较法：通过将两组物体一一配对来比较数量的多少。"", ""weight"": 1.0, ""evidence_refs"": [""kg-node:math_1a_rjb_cpt3:definition"", ""kg-node:math_1a_rjb_cpt3:retrieval_text""]}, {""id"": ""n3"", ""type"": ""process"", ""text"": ""比较数量（多、少、一样多）：根据物体数量的多少进行比较，判断哪个多、哪个少，或者是否一样多。"", ""weight"": 1.0, ""evidence_refs"": [""kg-node:math_1a_rjb_cpt2:definition"", ""kg-node:math_1a_rjb_cpt2:retrieval_text""]}]","[{""id"": ""e1"", ""source"": ""n1"", ""target"": ""n3"", ""relation"": ""relates_to"", ""weight"": 1.0, ""evidence_refs"": [""kg-edge:normalized:edge:19305""]}, {""id"": ""e2"", ""source"": ""n2"", ""target"": ""n3"", ""relation"": ""is_a"", ""weight"": 1.0, ""evidence_refs"": [""kg-edge:normalized:edge:12138""]}]",,,
math_1a_rjb_cpt20,math,6和7的加法,relation,valid,[],"[{""id"": ""n1"", ""type"": ""condition"", ""text"": ""认识数字6和7，包括数物体、读数字、写数字、比较大小"", ""weight"": 1.0, ""evidence_refs"": [""kg-node:math_1a_rjb_cpt19:definition"", ""kg-node:math_1a_rjb_cpt19:examples""]}, {""id"": ""n2"", ""type"": ""condition"", ""text"": ""掌握分拆数6和7的所有不同分法"", ""weight"": 1.0, ""evidence_refs"": [""kg-node:math_1a_rjb_cpt22:definition"", ""kg-node:math_1a_rjb_cpt22:examples""]}, {""id"": ""n3"", ""type"": ""process"", ""text"": ""通过将数量合并，理解得到6或7的加法算式，如5+1=6、1+5=6"", ""weight"": 1.0, ""evidence_refs"": [""kg-node:math_1a_rjb_cpt20:definition"", ""kg-node:math_1a_rjb_cpt20:formula"", ""kg-node:math_1a_rjb_cpt20:retrieval_text""]}]","[{""id"": ""e1"", ""source"": ""n1"", ""target"": ""n3"", ""relation"": ""relates_to"", ""weight"": 1.0, ""evidence_refs"": [""kg-edge:normalized:edge:19308""]}, {""id"": ""e2"", ""source"": ""n2"", ""target"": ""n3"", ""relation"": ""enables"", ""weight"": 1.0, ""evidence_refs"": [""kg-edge:normalized:edge:16342""]}]",,,
math_1a_rjb_cpt21,math,6和7的减法,relation,valid,[],"[{""id"": ""n1"", ""type"": ""condition"", ""text"": ""分拆数6和7：把6或7分成两个部分，了解所有不同的分法。"", ""weight"": 1.0, ""evidence_refs"": [""kg-node:math_1a_rjb_cpt22:definition"", ""kg-edge:normalized:edge:16343""]}, {""id"": ""n2"", ""type"": ""condition"", ""text"": ""通过观察图示提出数学问题：能够根据情境图提出“有多少”“还剩多少”等数学问题。"", ""weight"": 1.0, ""evidence_refs"": [""kg-node:math_1a_rjb_skl10:description"", ""kg-edge:normalized:edge:16380""]}, {""id"": ""n3"", ""type"": ""entity"", ""text"": ""数字6和7的认识：能够通过数物体、读数字、写数字、比较大小等方式认识数字6和7。"", ""weight"": 1.0, ""evidence_refs"": [""kg-node:math_1a_rjb_cpt19:definition"", ""kg-edge:normalized:edge:19309""]}, {""id"": ""n4"", ""type"": ""process"", ""text"": ""6和7的减法：通过从已有数量中去掉一部分，得到差为6或7的减法算式，如7-2=5。"", ""weight"": 1.0, ""evidence_refs"": [""kg-node:math_1a_rjb_cpt21:definition"", ""kg-node:math_1a_rjb_cpt21:formula""]}]","[{""id"": ""e1"", ""source"": ""n1"", ""target"": ""n4"", ""relation"": ""enables"", ""weight"": 1.0, ""evidence_refs"": [""kg-edge:normalized:edge:16343""]}, {""id"": ""e2"", ""source"": ""n2"", ""target"": ""n4"", ""relation"": ""enables"", ""weight"": 1.0, ""evidence_refs"": [""kg-edge:normalized:edge:16380""]}, {""id"": ""e3"", ""source"": ""n3"", ""target"": ""n4"", ""relation"": ""relates_to"", ""weight"": 1.0, ""evidence_refs"": [""kg-edge:normalized:edge:19309""]}]",,,
math_1a_rjb_cpt22,math,分拆数6和7,relation,valid,[],"[{""id"": ""n1"", ""type"": ""condition"", ""text"": ""认识数字6和7，包括数物体、读数字、写数字、比较大小"", ""weight"": 1.0, ""evidence_refs"": [""kg-node:math_1a_rjb_cpt19:definition"", ""kg-node:math_1a_rjb_cpt19:examples"", ""kg-edge:normalized:edge:16341""]}, {""id"": ""n2"", ""type"": ""condition"", ""text"": ""利用摆摆、画一画理解数量"", ""weight"": 1.0, ""evidence_refs"": [""kg-node:math_1a_rjb_skl11:description"", ""kg-edge:normalized:edge:16381""]}, {""id"": ""n3"", ""type"": ""process"", ""text"": ""把6或7分成两个部分，了解所有不同的分法"", ""weight"": 1.0, ""evidence_refs"": [""kg-node:math_1a_rjb_cpt22:definition"", ""kg-node:math_1a_rjb_cpt22:examples""]}, {""id"": ""n4"", ""type"": ""outcome"", ""text"": ""6和7的加法：通过合并数量得到6或7的加法算式"", ""weight"": 1.0, ""evidence_refs"": [""kg-node:math_1a_rjb_cpt20:definition"", ""kg-node:math_1a_rjb_cpt20:formula"", ""kg-edge:normalized:edge:16342""]}, {""id"": ""n5"", ""type"": ""outcome"", ""text"": ""6和7的减法：通过去掉一部分得到差为6或7的减法算式"", ""weight"": 1.0, ""evidence_refs"": [""kg-node:math_1a_rjb_cpt21:definition"", ""kg-node:math_1a_rjb_cpt21:formula"", ""kg-edge:normalized:edge:16343""]}]","[{""id"": ""e1"", ""source"": ""n1"", ""target"": ""n3"", ""relation"": ""enables"", ""weight"": 1.0, ""evidence_refs"": [""kg-edge:normalized:edge:16341""]}, {""id"": ""e2"", ""source"": ""n2"", ""target"": ""n3"", ""relation"": ""enables"", ""weight"": 1.0, ""evidence_refs"": [""kg-edge:normalized:edge:16381""]}, {""id"": ""e3"", ""source"": ""n3"", ""target"": ""n4"", ""relation"": ""enables"", ""weight"": 1.0, ""evidence_refs"": [""kg-edge:normalized:edge:16342""]}, {""id"": ""e4"", ""source"": ""n3"", ""target"": ""n5"", ""relation"": ""enables"", ""weight"": 1.0, ""evidence_refs"": [""kg-edge:normalized:edge:16343""]}]",,,
math_1a_rjb_cpt23,math,数字6的认识,relation,valid,[],"[{""id"": ""n1"", ""type"": ""condition"", ""text"": ""按顺序逐个计数理解数量"", ""weight"": 1.0, ""evidence_refs"": [""kg-node:math_1a_rjb_skl12:description"", ""kg-node:math_1a_rjb_skl12:retrieval_text""]}, {""id"": ""n2"", ""type"": ""entity"", ""text"": ""数字6"", ""weight"": 1.0, ""evidence_refs"": [""kg-node:math_1a_rjb_cpt23:definition"", ""kg-node:math_1a_rjb_cpt23:retrieval_text""]}, {""id"": ""n3"", ""type"": ""process"", ""text"": ""通过数物体、读写数字等方式认识数字6，理解6表示的数量"", ""weight"": 1.0, ""evidence_refs"": [""kg-node:math_1a_rjb_cpt23:definition"", ""kg-node:math_1a_rjb_cpt23:retrieval_text""]}, {""id"": ""n4"", ""type"": ""outcome"", ""text"": ""掌握所有得数是6或从6中减去的加减法"", ""weight"": 1.0, ""evidence_refs"": [""kg-node:math_1a_rjb_cpt25:definition"", ""kg-node:math_1a_rjb_cpt25:retrieval_text""]}, {""id"": ""n5"", ""type"": ""rule"", ""text"": ""用符号“>”“<”比较两个数量的大小"", ""weight"": 1.0, ""evidence_refs"": [""kg-node:math_1a_rjb_cpt27:definition"", ""kg-node:math_1a_rjb_cpt27:retrieval_text""]}]","[{""id"": ""e1"", ""source"": ""n1"", ""target"": ""n3"", ""relation"": ""enables"", ""weight"": 1.0, ""evidence_refs"": [""kg-edge:normalized:edge:16382""]}, {""id"": ""e2"", ""source"": ""n3"", ""target"": ""n2"", ""relation"": ""produces"", ""weight"": 1.0, ""evidence_refs"": [""kg-node:math_1a_rjb_cpt23:definition"", ""kg-node:math_1a_rjb_cpt23:retrieval_text""]}, {""id"": ""e3"", ""source"": ""n3"", ""target"": ""n4"", ""relation"": ""enables"", ""weight"": 1.0, ""evidence_refs"": [""kg-edge:normalized:edge:16344""]}, {""id"": ""e4"", ""source"": ""n5"", ""target"": ""n2"", ""relation"": ""relates_to"", ""weight"": 1.0, ""evidence_refs"": [""kg-edge:normalized:edge:19310""]}]",,,
math_1a_rjb_cpt24,math,数字7的认识,relation,valid,[],"[{""id"": ""n1"", ""type"": ""condition"", ""text"": ""按顺序逐个计数理解数量，如从左往右数第7个。"", ""weight"": 1.0, ""evidence_refs"": [""kg-node:math_1a_rjb_skl12:description""]}, {""id"": ""n2"", ""type"": ""entity"", ""text"": ""数字7的认识：通过数物体、读写数字等方式认识数字7，理解7表示的数量。"", ""weight"": 1.0, ""evidence_refs"": [""kg-node:math_1a_rjb_cpt24:definition""]}, {""id"": ""n3"", ""type"": ""process"", ""text"": ""7的加减法：掌握所有得数是7或从7中减去的加减法，如5+2=7、7-5=2等。"", ""weight"": 1.0, ""evidence_refs"": [""kg-node:math_1a_rjb_cpt26:definition""]}, {""id"": ""n4"", ""type"": ""rule"", ""text"": ""数量的比较：用符号“>”“<”比较两个数量的大小，如5<6、6>5。"", ""weight"": 1.0, ""evidence_refs"": [""kg-node:math_1a_rjb_cpt27:definition""]}]","[{""id"": ""e1"", ""source"": ""n1"", ""target"": ""n2"", ""relation"": ""enables"", ""weight"": 1.0, ""evidence_refs"": [""kg-edge:normalized:edge:16383""]}, {""id"": ""e2"", ""source"": ""n2"", ""target"": ""n3"", ""relation"": ""enables"", ""weight"": 1.0, ""evidence_refs"": [""kg-edge:normalized:edge:16345""]}, {""id"": ""e3"", ""source"": ""n4"", ""target"": ""n2"", ""relation"": ""relates_to"", ""weight"": 1.0, ""evidence_refs"": [""kg-edge:normalized:edge:19311""]}]",,,
math_1a_rjb_cpt25,math,6的加减法,relation,valid,[],"[{""id"": ""n1"", ""type"": ""condition"", ""text"": ""掌握数字6的认识，包括数物体、读写数字，理解6表示的数量"", ""weight"": 1.0, ""evidence_refs"": [""kg-node:math_1a_rjb_cpt23:definition"", ""kg-node:math_1a_rjb_cpt23:retrieval_text""]}, {""id"": ""n2"", ""type"": ""condition"", ""text"": ""掌握分与合（拆分与组合），如把一个数分成两个部分或由两个部分合成一个数"", ""weight"": 1.0, ""evidence_refs"": [""kg-node:math_1a_rjb_cpt28:definition"", ""kg-node:math_1a_rjb_cpt28:retrieval_text""]}, {""id"": ""n3"", ""type"": ""process"", ""text"": ""掌握所有得数是6或从6中减去的加减法，如5+1=6、6-1=5等"", ""weight"": 1.0, ""evidence_refs"": [""kg-node:math_1a_rjb_cpt25:definition"", ""kg-node:math_1a_rjb_cpt25:retrieval_text""]}]","[{""id"": ""e1"", ""source"": ""n1"", ""target"": ""n3"", ""relation"": ""enables"", ""weight"": 1.0, ""evidence_refs"": [""kg-edge:normalized:edge:16344""]}, {""id"": ""e2"", ""source"": ""n2"", ""target"": ""n3"", ""relation"": ""enables"", ""weight"": 1.0, ""evidence_refs"": [""kg-edge:normalized:edge:16346""]}]",,,
math_1a_rjb_cpt26,math,7的加减法,relation,valid,[],"[{""id"": ""n1"", ""type"": ""condition"", ""text"": ""数字7的认识"", ""weight"": 1.0, ""evidence_refs"": [""kg-node:math_1a_rjb_cpt24:definition"", ""kg-node:math_1a_rjb_cpt24:retrieval_text""]}, {""id"": ""n2"", ""type"": ""condition"", ""text"": ""分与合（拆分与组合）"", ""weight"": 1.0, ""evidence_refs"": [""kg-node:math_1a_rjb_cpt28:definition"", ""kg-node:math_1a_rjb_cpt28:retrieval_text""]}, {""id"": ""n3"", ""type"": ""process"", ""text"": ""7的加减法：掌握所有得数是7或从7中减去的加减法"", ""weight"": 1.0, ""evidence_refs"": [""kg-node:math_1a_rjb_cpt26:definition"", ""kg-node:math_1a_rjb_cpt26:retrieval_text""]}]","[{""id"": ""e1"", ""source"": ""n1"", ""target"": ""n3"", ""relation"": ""enables"", ""weight"": 1.0, ""evidence_refs"": [""kg-edge:normalized:edge:16345""]}, {""id"": ""e2"", ""source"": ""n2"", ""target"": ""n3"", ""relation"": ""enables"", ""weight"": 1.0, ""evidence_refs"": [""kg-edge:normalized:edge:16347""]}]",,,
math_1a_rjb_cpt27,math,数量的比较,relation,valid,[],"[{""id"": ""n1"", ""type"": ""entity"", ""text"": ""数字6的认识：通过数物体、读写数字等方式认识数字6，理解6表示的数量。"", ""weight"": 1.0, ""evidence_refs"": [""kg-node:math_1a_rjb_cpt23:definition""]}, {""id"": ""n2"", ""type"": ""entity"", ""text"": ""数字7的认识：通过数物体、读写数字等方式认识数字7，理解7表示的数量。"", ""weight"": 1.0, ""evidence_refs"": [""kg-node:math_1a_rjb_cpt24:definition""]}, {""id"": ""n3"", ""type"": ""process"", ""text"": ""用符号“>”“<”比较两个数量的大小，如5<6、6>5。"", ""weight"": 1.0, ""evidence_refs"": [""kg-node:math_1a_rjb_cpt27:definition""]}]","[{""id"": ""e1"", ""source"": ""n3"", ""target"": ""n1"", ""relation"": ""relates_to"", ""weight"": 1.0, ""evidence_refs"": [""kg-edge:normalized:edge:19310""]}, {""id"": ""e2"", ""source"": ""n3"", ""target"": ""n2"", ""relation"": ""relates_to"", ""weight"": 1.0, ""evidence_refs"": [""kg-edge:normalized:edge:19311""]}]",,,
physics_8a_rjb_cpt1,physics,长度,mechanism,valid,[],"[{""id"": ""n1"", ""type"": ""entity"", ""text"": ""长度"", ""weight"": 1.0, ""evidence_refs"": [""kg-node:physics_8a_rjb_cpt1:definition"", ""kg-node:physics_8a_rjb_cpt1:retrieval_text""]}, {""id"": ""n2"", ""type"": ""entity"", ""text"": ""长度单位（米及其倍数、子倍数）"", ""weight"": 1.0, ""evidence_refs"": [""kg-node:physics_8a_rjb_cpt2:definition"", ""kg-node:physics_8a_rjb_cpt2:retrieval_text""]}, {""id"": ""n3"", ""type"": ""process"", ""text"": ""用刻度尺测量长度"", ""weight"": 1.0, ""evidence_refs"": [""kg-node:physics_8a_rjb_exp1:process"", ""kg-node:physics_8a_rjb_exp1:retrieval_text""]}, {""id"": ""n4"", ""type"": ""rule"", ""text"": ""使用刻度尺的方法"", ""weight"": 1.0, ""evidence_refs"": [""kg-node:physics_8a_rjb_skl1:description"", ""kg-node:physics_8a_rjb_skl1:retrieval_text""]}]","[{""id"": ""e1"", ""source"": ""n2"", ""target"": ""n1"", ""relation"": ""is_a"", ""weight"": 1.0, ""evidence_refs"": [""kg-edge:normalized:edge:12429""]}, {""id"": ""e2"", ""source"": ""n3"", ""target"": ""n1"", ""relation"": ""verifies"", ""weight"": 1.0, ""evidence_refs"": [""kg-edge:normalized:edge:23027""]}, {""id"": ""e3"", ""source"": ""n1"", ""target"": ""n4"", ""relation"": ""enables"", ""weight"": 1.0, ""evidence_refs"": [""kg-edge:normalized:edge:17188""]}]",,,
physics_8a_rjb_cpt10,physics,参照物,mechanism,valid,[],"[{""id"": ""n1"", ""type"": ""entity"", ""text"": ""参照物：判断物体运动或静止时所选取的标准物体。"", ""weight"": 1.0, ""evidence_refs"": [""kg-node:physics_8a_rjb_cpt10:definition""]}, {""id"": ""n2"", ""type"": ""process"", ""text"": ""机械运动：物体的位置随时间不断地发生变化的运动形式。"", ""weight"": 1.0, ""evidence_refs"": [""kg-node:physics_8a_rjb_cpt8:definition""]}, {""id"": ""n3"", ""type"": ""state"", ""text"": ""运动与静止的相对性：一个物体是运动还是静止取决于所选参照物，不同参照物下的判断可能不同。"", ""weight"": 1.0, ""evidence_refs"": [""kg-node:physics_8a_rjb_cpt9:definition""]}]","[{""id"": ""e1"", ""source"": ""n2"", ""target"": ""n1"", ""relation"": ""relates_to"", ""weight"": 1.0, ""evidence_refs"": [""kg-edge:normalized:edge:19745""]}, {""id"": ""e2"", ""source"": ""n1"", ""target"": ""n3"", ""relation"": ""enables"", ""weight"": 1.0, ""evidence_refs"": [""kg-edge:normalized:edge:17189""]}, {""id"": ""e3"", ""source"": ""n3"", ""target"": ""n1"", ""relation"": ""relates_to"", ""weight"": 1.0, ""evidence_refs"": [""kg-edge:normalized:edge:19747""]}]",,,
physics_8a_rjb_cpt100,physics,焦点,mechanism,valid,[],"[{""id"": ""n1"", ""type"": ""condition"", ""text"": ""主光轴是通过透镜两个球面球心的直线"", ""weight"": 1.0, ""evidence_refs"": [""kg-node:physics_8a_rjb_cpt98:definition""]}, {""id"": ""n2"", ""type"": ""process"", ""text"": ""平行于主光轴的光通过凸透镜后会聚到主轴上的一点"", ""weight"": 1.0, ""evidence_refs"": [""kg-node:physics_8a_rjb_cpt100:definition"", ""kg-node:physics_8a_rjb_exp23:phenomena"", ""kg-node:physics_8a_rjb_exp23:conclusion""]}, {""id"": ""n3"", ""type"": ""entity"", ""text"": ""焦点"", ""weight"": 1.0, ""evidence_refs"": [""kg-node:physics_8a_rjb_cpt100:definition"", ""kg-node:physics_8a_rjb_cpt100:name""]}, {""id"": ""n4"", ""type"": ""entity"", ""text"": ""焦距"", ""weight"": 1.0, ""evidence_refs"": [""kg-node:physics_8a_rjb_cpt101:definition"", ""kg-node:physics_8a_rjb_cpt101:name""]}]","[{""id"": ""e1"", ""source"": ""n1"", ""target"": ""n2"", ""relation"": ""enables"", ""weight"": 1.0, ""evidence_refs"": [""kg-edge:normalized:edge:17246""]}, {""id"": ""e2"", ""source"": ""n2"", ""target"": ""n3"", ""relation"": ""produces"", ""weight"": 1.0, ""evidence_refs"": [""kg-node:physics_8a_rjb_cpt100:definition"", ""kg-edge:normalized:edge:23045""]}, {""id"": ""e3"", ""source"": ""n3"", ""target"": ""n4"", ""relation"": ""relates_to"", ""weight"": 1.0, ""evidence_refs"": [""kg-edge:normalized:edge:19710""]}]",,,
physics_8a_rjb_cpt101,physics,焦距,mechanism,valid,[],"[{""id"": ""n1"", ""type"": ""entity"", ""text"": ""光心"", ""weight"": 1.0, ""evidence_refs"": [""kg-node:physics_8a_rjb_cpt99:definition"", ""kg-node:physics_8a_rjb_cpt99:retrieval_text""]}, {""id"": ""n2"", ""type"": ""entity"", ""text"": ""焦点"", ""weight"": 1.0, ""evidence_refs"": [""kg-node:physics_8a_rjb_cpt100:definition"", ""kg-node:physics_8a_rjb_cpt100:retrieval_text""]}, {""id"": ""n3"", ""type"": ""entity"", ""text"": ""焦距"", ""weight"": 1.0, ""evidence_refs"": [""kg-node:physics_8a_rjb_cpt101:definition"", ""kg-node:physics_8a_rjb_cpt101:formula"", ""kg-node:physics_8a_rjb_cpt101:retrieval_text""]}, {""id"": ""n4"", ""type"": ""process"", ""text"": ""凸透镜成像规律"", ""weight"": 1.0, ""evidence_refs"": [""kg-node:physics_8a_rjb_cpt106:definition"", ""kg-node:physics_8a_rjb_cpt106:retrieval_text""]}]","[{""id"": ""e1"", ""source"": ""n1"", ""target"": ""n3"", ""relation"": ""requires"", ""weight"": 1.0, ""evidence_refs"": [""kg-edge:normalized:edge:17247""]}, {""id"": ""e2"", ""source"": ""n2"", ""target"": ""n3"", ""relation"": ""relates_to"", ""weight"": 1.0, ""evidence_refs"": [""kg-edge:normalized:edge:19710""]}, {""id"": ""e3"", ""source"": ""n3"", ""target"": ""n4"", ""relation"": ""requires"", ""weight"": 1.0, ""evidence_refs"": [""kg-edge:normalized:edge:17190""]}]",,,
physics_8a_rjb_cpt102,physics,实像,mechanism,valid,[],"[{""id"": ""n1"", ""type"": ""entity"", ""text"": ""实像"", ""weight"": 1.0, ""evidence_refs"": [""kg-node:physics_8a_rjb_cpt102:definition"", ""kg-node:physics_8a_rjb_cpt102:retrieval_text""]}, {""id"": ""n2"", ""type"": ""entity"", ""text"": ""虚像"", ""weight"": 1.0, ""evidence_refs"": [""kg-node:physics_8a_rjb_cpt82:definition"", ""kg-node:physics_8a_rjb_cpt82:retrieval_text""]}, {""id"": ""n3"", ""type"": ""process"", ""text"": ""照相机成像：物体远离凸透镜时，凸透镜在底片或感光元件上形成缩小、倒立的实像"", ""weight"": 1.0, ""evidence_refs"": [""kg-node:physics_8a_rjb_cpt103:definition"", ""kg-node:physics_8a_rjb_cpt103:retrieval_text""]}, {""id"": ""n4"", ""type"": ""process"", ""text"": ""投影仪成像：物体靠近凸透镜时，透镜在投影屏幕上形成放大、倒立的实像"", ""weight"": 1.0, ""evidence_refs"": [""kg-node:physics_8a_rjb_cpt104:definition"", ""kg-node:physics_8a_rjb_cpt104:retrieval_text""]}, {""id"": ""n5"", ""type"": ""evidence"", ""text"": ""自制模型照相机实验：凸透镜可成倒立的实像"", ""weight"": 1.0, ""evidence_refs"": [""kg-node:physics_8a_rjb_exp25:conclusion"", ""kg-node:physics_8a_rjb_exp25:retrieval_text""]}, {""id"": ""n6"", ""type"": ""evidence"", ""text"": ""投影仪演示实验：投影仪利用凸透镜形成放大倒立的实像"", ""weight"": 1.0, ""evidence_refs"": [""kg-node:physics_8a_rjb_exp26:conclusion"", ""kg-node:physics_8a_rjb_exp26:retrieval_text""]}]","[{""id"": ""e1"", ""source"": ""n3"", ""target"": ""n1"", ""relation"": ""is_a"", ""weight"": 1.0, ""evidence_refs"": [""kg-edge:normalized:edge:12419""]}, {""id"": ""e2"", ""source"": ""n4"", ""target"": ""n1"", ""relation"": ""is_a"", ""weight"": 1.0, ""evidence_refs"": [""kg-edge:normalized:edge:12420""]}, {""id"": ""e3"", ""source"": ""n5"", ""target"": ""n1"", ""relation"": ""verifies"", ""weight"": 1.0, ""evidence_refs"": [""kg-edge:normalized:edge:23048""]}, {""id"": ""e4"", ""source"": ""n6"", ""target"": ""n1"", ""relation"": ""verifies"", ""weight"": 1.0, ""evidence_refs"": [""kg-edge:normalized:edge:23049""]}, {""id"": ""e5"", ""source"": ""n1"", ""target"": ""n2"", ""relation"": ""relates_to"", ""weight"": 1.0, ""evidence_refs"": [""kg-edge:normalized:edge:19711""]}]",,,
physics_8a_rjb_cpt103,physics,照相机成像,mechanism,valid,[],"[{""id"": ""n1"", ""type"": ""entity"", ""text"": ""凸透镜"", ""weight"": 1.0, ""evidence_refs"": [""kg-node:physics_8a_rjb_cpt95:definition"", ""kg-node:physics_8a_rjb_cpt95:retrieval_text""]}, {""id"": ""n2"", ""type"": ""entity"", ""text"": ""实像"", ""weight"": 1.0, ""evidence_refs"": [""kg-node:physics_8a_rjb_cpt102:definition"", ""kg-node:physics_8a_rjb_cpt102:retrieval_text""]}, {""id"": ""n3"", ""type"": ""process"", ""text"": ""照相机成像"", ""weight"": 1.0, ""evidence_refs"": [""kg-node:physics_8a_rjb_cpt103:definition"", ""kg-node:physics_8a_rjb_cpt103:retrieval_text""]}, {""id"": ""n4"", ""type"": ""condition"", ""text"": ""物体远离凸透镜"", ""weight"": 1.0, ""evidence_refs"": [""kg-node:physics_8a_rjb_cpt103:definition""]}, {""id"": ""n5"", ""type"": ""outcome"", ""text"": ""缩小、倒立的实像"", ""weight"": 1.0, ""evidence_refs"": [""kg-node:physics_8a_rjb_cpt103:definition""]}, {""id"": ""n6"", ""type"": ""process"", ""text"": ""调节像距以成清晰像"", ""weight"": 1.0, ""evidence_refs"": [""kg-node:physics_8a_rjb_skl18:description"", ""kg-node:physics_8a_rjb_skl18:retrieval_text""]}]","[{""id"": ""e1"", ""source"": ""n1"", ""target"": ""n3"", ""relation"": ""enables"", ""weight"": 1.0, ""evidence_refs"": [""kg-edge:normalized:edge:17243""]}, {""id"": ""e2"", ""source"": ""n3"", ""target"": ""n2"", ""relation"": ""is_a"", ""weight"": 1.0, ""evidence_refs"": [""kg-edge:normalized:edge:12419""]}, {""id"": ""e3"", ""source"": ""n4"", ""target"": ""n3"", ""relation"": ""enables"", ""weight"": 1.0, ""evidence_refs"": [""kg-node:physics_8a_rjb_cpt103:definition""]}, {""id"": ""e4"", ""source"": ""n3"", ""target"": ""n5"", ""relation"": ""produces"", ""weight"": 1.0, ""evidence_refs"": [""kg-node:physics_8a_rjb_cpt103:definition""]}, {""id"": ""e5"", ""source"": ""n6"", ""target"": ""n3"", ""relation"": ""enables"", ""weight"": 1.0, ""evidence_refs"": [""kg-edge:normalized:edge:17251""]}]",,,
physics_8a_rjb_cpt104,physics,投影仪成像,mechanism,valid,[],"[{""id"": ""n1"", ""type"": ""entity"", ""text"": ""凸透镜"", ""weight"": 1.0, ""evidence_refs"": [""kg-node:physics_8a_rjb_cpt95:definition"", ""kg-node:physics_8a_rjb_cpt95:retrieval_text""]}, {""id"": ""n2"", ""type"": ""condition"", ""text"": ""物体靠近凸透镜"", ""weight"": 1.0, ""evidence_refs"": [""kg-node:physics_8a_rjb_cpt104:definition"", ""kg-node:physics_8a_rjb_cpt104:retrieval_text""]}, {""id"": ""n3"", ""type"": ""process"", ""text"": ""透镜在投影屏幕上形成放大、倒立的实像"", ""weight"": 1.0, ""evidence_refs"": [""kg-node:physics_8a_rjb_cpt104:definition"", ""kg-node:physics_8a_rjb_cpt104:retrieval_text""]}, {""id"": ""n4"", ""type"": ""outcome"", ""text"": ""实像"", ""weight"": 1.0, ""evidence_refs"": [""kg-node:physics_8a_rjb_cpt102:definition"", ""kg-node:physics_8a_rjb_cpt102:retrieval_text""]}]","[{""id"": ""e1"", ""source"": ""n1"", ""target"": ""n2"", ""relation"": ""enables"", ""weight"": 1.0, ""evidence_refs"": [""kg-edge:normalized:edge:17244""]}, {""id"": ""e2"", ""source"": ""n2"", ""target"": ""n3"", ""relation"": ""causes"", ""weight"": 1.0, ""evidence_refs"": [""kg-node:physics_8a_rjb_cpt104:definition"", ""kg-node:physics_8a_rjb_cpt104:retrieval_text""]}, {""id"": ""e3"", ""source"": ""n3"", ""target"": ""n4"", ""relation"": ""produces"", ""weight"": 1.0, ""evidence_refs"": [""kg-edge:normalized:edge:12420"", ""kg-node:physics_8a_rjb_cpt104:definition"", ""kg-node:physics_8a_rjb_cpt104:retrieval_text""]}]",,,
physics_8a_rjb_cpt105,physics,放大镜成像,mechanism,valid,[],"[{""id"": ""n1"", ""type"": ""condition"", ""text"": ""物体位于焦点以内"", ""weight"": 1.0, ""evidence_refs"": [""kg-node:physics_8a_rjb_cpt105:definition""]}, {""id"": ""n2"", ""type"": ""entity"", ""text"": ""凸透镜"", ""weight"": 1.0, ""evidence_refs"": [""kg-node:physics_8a_rjb_cpt95:definition"", ""kg-edge:normalized:edge:17245""]}, {""id"": ""n3"", ""type"": ""outcome"", ""text"": ""放大、正立的虚像"", ""weight"": 1.0, ""evidence_refs"": [""kg-node:physics_8a_rjb_cpt105:definition"", ""kg-node:physics_8a_rjb_cpt82:definition""]}, {""id"": ""n4"", ""type"": ""state"", ""text"": ""虚像"", ""weight"": 1.0, ""evidence_refs"": [""kg-node:physics_8a_rjb_cpt82:definition"", ""kg-edge:normalized:edge:12421""]}]","[{""id"": ""e1"", ""source"": ""n1"", ""target"": ""n2"", ""relation"": ""requires"", ""weight"": 1.0, ""evidence_refs"": [""kg-node:physics_8a_rjb_cpt105:definition"", ""kg-edge:normalized:edge:17245""]}, {""id"": ""e2"", ""source"": ""n2"", ""target"": ""n3"", ""relation"": ""produces"", ""weight"": 1.0, ""evidence_refs"": [""kg-node:physics_8a_rjb_cpt105:definition"", ""kg-node:physics_8a_rjb_cpt95:definition""]}, {""id"": ""e3"", ""source"": ""n3"", ""target"": ""n4"", ""relation"": ""is_a"", ""weight"": 1.0, ""evidence_refs"": [""kg-node:physics_8a_rjb_cpt105:definition"", ""kg-node:physics_8a_rjb_cpt82:definition"", ""kg-edge:normalized:edge:12421""]}]",,,
physics_8a_rjb_cpt106,physics,凸透镜成像规律,law,valid,[],"[{""id"": ""n1"", ""type"": ""condition"", ""text"": ""焦距"", ""weight"": 1.0, ""evidence_refs"": [""kg-node:physics_8a_rjb_cpt101:definition"", ""kg-edge:normalized:edge:17190""]}, {""id"": ""n2"", ""type"": ""condition"", ""text"": ""物距"", ""weight"": 1.0, ""evidence_refs"": [""kg-node:physics_8a_rjb_cpt107:definition"", ""kg-edge:normalized:edge:17193""]}, {""id"": ""n3"", ""type"": ""condition"", ""text"": ""像距"", ""weight"": 1.0, ""evidence_refs"": [""kg-node:physics_8a_rjb_cpt108:definition"", ""kg-edge:normalized:edge:17194""]}, {""id"": ""n4"", ""type"": ""rule"", ""text"": ""凸透镜成像规律"", ""weight"": 1.0, ""evidence_refs"": [""kg-node:physics_8a_rjb_cpt106:definition"", ""kg-node:physics_8a_rjb_cpt106:retrieval_text""]}, {""id"": ""n5"", ""type"": ""entity"", ""text"": ""物镜"", ""weight"": 1.0, ""evidence_refs"": [""kg-node:physics_8a_rjb_cpt121:definition"", ""kg-edge:normalized:edge:12423""]}, {""id"": ""n6"", ""type"": ""entity"", ""text"": ""目镜"", ""weight"": 1.0, ""evidence_refs"": [""kg-node:physics_8a_rjb_cpt122:definition"", ""kg-edge:normalized:edge:12424""]}, {""id"": ""n7"", ""type"": ""entity"", ""text"": ""显微镜"", ""weight"": 1.0, ""evidence_refs"": [""kg-node:physics_8a_rjb_cpt119:definition"", ""kg-edge:normalized:edge:17191""]}, {""id"": ""n8"", ""type"": ""entity"", ""text"": ""望远镜"", ""weight"": 1.0, ""evidence_refs"": [""kg-node:physics_8a_rjb_cpt120:definition"", ""kg-edge:normalized:edge:17192""]}]","[{""id"": ""e1"", ""source"": ""n1"", ""target"": ""n4"", ""relation"": ""enables"", ""weight"": 1.0, ""evidence_refs"": [""kg-edge:normalized:edge:17190""]}, {""id"": ""e2"", ""source"": ""n2"", ""target"": ""n4"", ""relation"": ""enables"", ""weight"": 1.0, ""evidence_refs"": [""kg-edge:normalized:edge:17193""]}, {""id"": ""e3"", ""source"": ""n3"", ""target"": ""n4"", ""relation"": ""enables"", ""weight"": 1.0, ""evidence_refs"": [""kg-edge:normalized:edge:17194""]}, {""id"": ""e4"", ""source"": ""n5"", ""target"": ""n4"", ""relation"": ""is_a"", ""weight"": 1.0, ""evidence_refs"": [""kg-edge:normalized:edge:12423""]}, {""id"": ""e5"", ""source"": ""n6"", ""target"": ""n4"", ""relation"": ""is_a"", ""weight"": 1.0, ""evidence_refs"": [""kg-edge:normalized:edge:12424""]}, {""id"": ""e6"", ""source"": ""n4"", ""target"": ""n7"", ""relation"": ""enables"", ""weight"": 1.0, ""evidence_refs"": [""kg-edge:normalized:edge:17191""]}, {""id"": ""e7"", ""source"": ""n4"", ""target"": ""n8"", ""relation"": ""enables"", ""weight"": 1.0, ""evidence_refs"": [""kg-edge:normalized:edge:17192""]}]",,,
physics_8a_rjb_cpt107,physics,物距,mechanism,valid,[],"[{""id"": ""n1"", ""type"": ""condition"", ""text"": ""物体到凸透镜的距离"", ""weight"": 1.0, ""evidence_refs"": [""kg-node:physics_8a_rjb_cpt107:definition""]}, {""id"": ""n2"", ""type"": ""entity"", ""text"": ""物距"", ""weight"": 1.0, ""evidence_refs"": [""kg-node:physics_8a_rjb_cpt107:definition"", ""kg-node:physics_8a_rjb_cpt107:name""]}, {""id"": ""n3"", ""type"": ""entity"", ""text"": ""像距"", ""weight"": 1.0, ""evidence_refs"": [""kg-node:physics_8a_rjb_cpt108:definition"", ""kg-node:physics_8a_rjb_cpt108:name""]}, {""id"": ""n4"", ""type"": ""rule"", ""text"": ""凸透镜成像规律"", ""weight"": 1.0, ""evidence_refs"": [""kg-node:physics_8a_rjb_cpt106:definition"", ""kg-node:physics_8a_rjb_cpt106:name""]}]","[{""id"": ""e1"", ""source"": ""n1"", ""target"": ""n2"", ""relation"": ""is_a"", ""weight"": 1.0, ""evidence_refs"": [""kg-node:physics_8a_rjb_cpt107:definition""]}, {""id"": ""e2"", ""source"": ""n2"", ""target"": ""n3"", ""relation"": ""relates_to"", ""weight"": 1.0, ""evidence_refs"": [""kg-edge:normalized:edge:19712""]}, {""id"": ""e3"", ""source"": ""n2"", ""target"": ""n4"", ""relation"": ""enables"", ""weight"": 1.0, ""evidence_refs"": [""kg-edge:normalized:edge:17193""]}]",,,
physics_8a_rjb_cpt108,physics,像距,mechanism,valid,[],"[{""id"": ""n1"", ""type"": ""entity"", ""text"": ""像距"", ""weight"": 1.0, ""evidence_refs"": [""kg-node:physics_8a_rjb_cpt108:definition"", ""kg-node:physics_8a_rjb_cpt108:retrieval_text""]}, {""id"": ""n2"", ""type"": ""entity"", ""text"": ""物距"", ""weight"": 1.0, ""evidence_refs"": [""kg-node:physics_8a_rjb_cpt107:definition"", ""kg-node:physics_8a_rjb_cpt107:retrieval_text""]}, {""id"": ""n3"", ""type"": ""rule"", ""text"": ""凸透镜成像规律"", ""weight"": 1.0, ""evidence_refs"": [""kg-node:physics_8a_rjb_cpt106:definition"", ""kg-node:physics_8a_rjb_cpt106:retrieval_text""]}]","[{""id"": ""e1"", ""source"": ""n2"", ""target"": ""n1"", ""relation"": ""relates_to"", ""weight"": 1.0, ""evidence_refs"": [""kg-edge:normalized:edge:19712""]}, {""id"": ""e2"", ""source"": ""n1"", ""target"": ""n3"", ""relation"": ""enables"", ""weight"": 1.0, ""evidence_refs"": [""kg-edge:normalized:edge:17194""]}]",,,
physics_8a_rjb_cpt109,physics,实像与虚像,mechanism,valid,[],"[{""id"": ""n1"", ""type"": ""condition"", ""text"": ""实像可由光屏承接"", ""weight"": 1.0, ""evidence_refs"": [""kg-node:physics_8a_rjb_cpt109:definition""]}, {""id"": ""n2"", ""type"": ""condition"", ""text"": ""虚像不能由光屏承接，需要从透镜方向观察"", ""weight"": 1.0, ""evidence_refs"": [""kg-node:physics_8a_rjb_cpt109:definition""]}, {""id"": ""n3"", ""type"": ""entity"", ""text"": ""像的正倒与大小"", ""weight"": 1.0, ""evidence_refs"": [""kg-node:physics_8a_rjb_cpt110:definition""]}]","[{""id"": ""e1"", ""source"": ""n1"", ""target"": ""n2"", ""relation"": ""relates_to"", ""weight"": 1.0, ""evidence_refs"": [""kg-node:physics_8a_rjb_cpt109:definition""]}, {""id"": ""e2"", ""source"": ""n1"", ""target"": ""n3"", ""relation"": ""relates_to"", ""weight"": 1.0, ""evidence_refs"": [""kg-edge:normalized:edge:19713""]}, {""id"": ""e3"", ""source"": ""n2"", ""target"": ""n3"", ""relation"": ""relates_to"", ""weight"": 1.0, ""evidence_refs"": [""kg-edge:normalized:edge:19713""]}]",,,
physics_8a_rjb_cpt11,physics,速度,mechanism,valid,[],"[{""id"": ""n1"", ""type"": ""entity"", ""text"": ""速度：表示物体运动快慢和方向的物理量，定义为位移与发生该位移所用时间之比。"", ""weight"": 1.0, ""evidence_refs"": [""kg-node:physics_8a_rjb_cpt11:definition"", ""kg-node:physics_8a_rjb_cpt11:formula""]}, {""id"": ""n2"", ""type"": ""entity"", ""text"": ""平均速度：在变速运动中，用物体通过的路程除以所用的时间来描述运动快慢的物理量。"", ""weight"": 1.0, ""evidence_refs"": [""kg-node:physics_8a_rjb_cpt12:definition"", ""kg-node:physics_8a_rjb_cpt12:formula""]}, {""id"": ""n3"", ""type"": ""entity"", ""text"": ""匀速直线运动：速度大小和方向都保持不变的直线运动。"", ""weight"": 1.0, ""evidence_refs"": [""kg-node:physics_8a_rjb_cpt13:definition""]}, {""id"": ""n4"", ""type"": ""entity"", ""text"": ""变速直线运动：物体沿直线但速度随时间变化的运动。"", ""weight"": 1.0, ""evidence_refs"": [""kg-node:physics_8a_rjb_cpt14:definition""]}, {""id"": ""n5"", ""type"": ""entity"", ""text"": ""瞬时速度：物体在某一时刻或某一很短时间内的速度，用以描述该时刻运动的快慢。"", ""weight"": 1.0, ""evidence_refs"": [""kg-node:physics_bx1_rjb_cpt17:definition""]}, {""id"": ""n6"", ""type"": ""entity"", ""text"": ""速度—时间图像：以速度为纵轴、时间为横轴描绘的图像，用于表示物体速度随时间变化的规律。"", ""weight"": 1.0, ""evidence_refs"": [""kg-node:physics_bx1_rjb_cpt19:definition""]}, {""id"": ""n7"", ""type"": ""process"", ""text"": ""利用超声波位置传感器测速度：传感器测距并记录不同时间的位置，由计算机计算速度并显示速度—时间图像。"", ""weight"": 1.0, ""evidence_refs"": [""kg-node:physics_8a_rjb_exp4:process"", ""kg-node:physics_8a_rjb_exp4:conclusion""]}]","[{""id"": ""e1"", ""source"": ""n2"", ""target"": ""n1"", ""relation"": ""is_a"", ""weight"": 1.0, ""evidence_refs"": [""kg-edge:normalized:edge:12422""]}, {""id"": ""e2"", ""source"": ""n3"", ""target"": ""n1"", ""relation"": ""is_a"", ""weight"": 1.0, ""evidence_refs"": [""kg-edge:normalized:edge:12426""]}, {""id"": ""e3"", ""source"": ""n5"", ""target"": ""n1"", ""relation"": ""is_a"", ""weight"": 1.0, ""evidence_refs"": [""kg-edge:normalized:edge:12541""]}, {""id"": ""e4"", ""source"": ""n7"", ""target"": ""n1"", ""relation"": ""verifies"", ""weight"": 1.0, ""evidence_refs"": [""kg-edge:normalized:edge:23061""]}, {""id"": ""e5"", ""source"": ""n1"", ""target"": ""n3"", ""relation"": ""enables"", ""weight"": 1.0, ""evidence_refs"": [""kg-edge:normalized:edge:17195""]}, {""id"": ""e6"", ""source"": ""n1"", ""target"": ""n4"", ""relation"": ""enables"", ""weight"": 1.0, ""evidence_refs"": [""kg-edge:normalized:edge:17196""]}, {""id"": ""e7"", ""source"": ""n1"", ""target"": ""n6"", ""relation"": ""enables"", ""weight"": 1.0, ""evidence_refs"": [""kg-edge:normalized:edge:17197""]}]",,,
physics_8a_rjb_cpt110,physics,像的正倒与大小,law,valid,[],"[{""id"": ""n1"", ""type"": ""condition"", ""text"": ""物距与焦距的关系"", ""weight"": 1.0, ""evidence_refs"": [""kg-node:physics_8a_rjb_cpt110:definition""]}, {""id"": ""n2"", ""type"": ""outcome"", ""text"": ""像的正倒与大小（正立或倒立，放大或缩小）"", ""weight"": 1.0, ""evidence_refs"": [""kg-node:physics_8a_rjb_cpt110:definition""]}, {""id"": ""n3"", ""type"": ""entity"", ""text"": ""实像与虚像"", ""weight"": 1.0, ""evidence_refs"": [""kg-node:physics_8a_rjb_cpt109:definition""]}]","[{""id"": ""e1"", ""source"": ""n1"", ""target"": ""n2"", ""relation"": ""causes"", ""weight"": 1.0, ""evidence_refs"": [""kg-node:physics_8a_rjb_cpt110:definition""]}, {""id"": ""e2"", ""source"": ""n3"", ""target"": ""n2"", ""relation"": ""relates_to"", ""weight"": 1.0, ""evidence_refs"": [""kg-edge:normalized:edge:19713""]}]",,,
physics_8a_rjb_cpt111,physics,眼睛成像原理,law,valid,[],"[{""id"": ""n1"", ""type"": ""entity"", ""text"": ""晶状体和角膜"", ""weight"": 1.0, ""evidence_refs"": [""kg-node:physics_8a_rjb_cpt111:definition""]}, {""id"": ""n2"", ""type"": ""entity"", ""text"": ""凸透镜"", ""weight"": 1.0, ""evidence_refs"": [""kg-node:physics_8a_rjb_cpt111:definition""]}, {""id"": ""n3"", ""type"": ""process"", ""text"": ""把来自物体的光会聚在视网膜上形成像"", ""weight"": 1.0, ""evidence_refs"": [""kg-node:physics_8a_rjb_cpt111:definition""]}, {""id"": ""n4"", ""type"": ""entity"", ""text"": ""视网膜"", ""weight"": 1.0, ""evidence_refs"": [""kg-node:physics_8a_rjb_cpt111:definition""]}, {""id"": ""n5"", ""type"": ""entity"", ""text"": ""睫状体"", ""weight"": 1.0, ""evidence_refs"": [""kg-node:physics_8a_rjb_cpt112:definition""]}, {""id"": ""n6"", ""type"": ""process"", ""text"": ""改变晶状体形状，使不同距离物体成像在视网膜上"", ""weight"": 1.0, ""evidence_refs"": [""kg-node:physics_8a_rjb_cpt112:definition""]}]","[{""id"": ""e1"", ""source"": ""n1"", ""target"": ""n2"", ""relation"": ""is_a"", ""weight"": 1.0, ""evidence_refs"": [""kg-node:physics_8a_rjb_cpt111:definition""]}, {""id"": ""e2"", ""source"": ""n2"", ""target"": ""n3"", ""relation"": ""enables"", ""weight"": 1.0, ""evidence_refs"": [""kg-node:physics_8a_rjb_cpt111:definition""]}, {""id"": ""e3"", ""source"": ""n3"", ""target"": ""n4"", ""relation"": ""produces"", ""weight"": 1.0, ""evidence_refs"": [""kg-node:physics_8a_rjb_cpt111:definition""]}, {""id"": ""e4"", ""source"": ""n5"", ""target"": ""n6"", ""relation"": ""enables"", ""weight"": 1.0, ""evidence_refs"": [""kg-node:physics_8a_rjb_cpt112:definition""]}, {""id"": ""e5"", ""source"": ""n6"", ""target"": ""n3"", ""relation"": ""relates_to"", ""weight"": 1.0, ""evidence_refs"": [""kg-edge:normalized:edge:19714""]}]",,,
physics_8a_rjb_cpt112,physics,眼睛调节,mechanism,valid,[],"[{""id"": ""n1"", ""type"": ""process"", ""text"": ""眼睛调节：通过睫状体改变晶状体形状，使不同距离物体成像在视网膜上。"", ""weight"": 1.0, ""evidence_refs"": [""kg-node:physics_8a_rjb_cpt112:definition""]}, {""id"": ""n2"", ""type"": ""process"", ""text"": ""眼睛成像原理：晶状体和角膜共同作用相当于凸透镜，把来自物体的光会聚在视网膜上形成像。"", ""weight"": 1.0, ""evidence_refs"": [""kg-node:physics_8a_rjb_cpt111:definition""]}, {""id"": ""n3"", ""type"": ""state"", ""text"": ""远点：眼睛依靠调节能看清的最远点。正常眼的远点在无限远。"", ""weight"": 1.0, ""evidence_refs"": [""kg-node:physics_8a_rjb_cpt113:definition""]}, {""id"": ""n4"", ""type"": ""state"", ""text"": ""近点：眼睛依靠调节能看清的最近点。正常眼近点约为10 cm。"", ""weight"": 1.0, ""evidence_refs"": [""kg-node:physics_8a_rjb_cpt114:definition""]}]","[{""id"": ""e1"", ""source"": ""n2"", ""target"": ""n1"", ""relation"": ""relates_to"", ""weight"": 1.0, ""evidence_refs"": [""kg-edge:normalized:edge:19714""]}, {""id"": ""e2"", ""source"": ""n1"", ""target"": ""n3"", ""relation"": ""enables"", ""weight"": 1.0, ""evidence_refs"": [""kg-edge:normalized:edge:17198""]}, {""id"": ""e3"", ""source"": ""n1"", ""target"": ""n4"", ""relation"": ""enables"", ""weight"": 1.0, ""evidence_refs"": [""kg-edge:normalized:edge:17199""]}]",,,
physics_8a_rjb_cpt113,physics,远点,mechanism,valid,[],"[{""id"": ""n1"", ""type"": ""process"", ""text"": ""眼睛调节：通过睫状体改变晶状体形状，使不同距离物体成像在视网膜上"", ""weight"": 1.0, ""evidence_refs"": [""kg-node:physics_8a_rjb_cpt112:definition""]}, {""id"": ""n2"", ""type"": ""state"", ""text"": ""远点：眼睛依靠调节能看清的最远点"", ""weight"": 1.0, ""evidence_refs"": [""kg-node:physics_8a_rjb_cpt113:definition""]}, {""id"": ""n3"", ""type"": ""state"", ""text"": ""近点：眼睛依靠调节能看清的最近点"", ""weight"": 1.0, ""evidence_refs"": [""kg-node:physics_8a_rjb_cpt114:definition""]}, {""id"": ""n4"", ""type"": ""condition"", ""text"": ""正常眼远点在无限远"", ""weight"": 0.8, ""evidence_refs"": [""kg-node:physics_8a_rjb_cpt113:definition""]}, {""id"": ""n5"", ""type"": ""condition"", ""text"": ""正常眼近点约为10 cm"", ""weight"": 0.8, ""evidence_refs"": [""kg-node:physics_8a_rjb_cpt114:definition""]}]","[{""id"": ""e1"", ""source"": ""n1"", ""target"": ""n2"", ""relation"": ""produces"", ""weight"": 1.0, ""evidence_refs"": [""kg-edge:normalized:edge:17198""]}, {""id"": ""e2"", ""source"": ""n1"", ""target"": ""n3"", ""relation"": ""produces"", ""weight"": 1.0, ""evidence_refs"": [""kg-edge:normalized:edge:17199""]}, {""id"": ""e3"", ""source"": ""n4"", ""target"": ""n2"", ""relation"": ""constrains"", ""weight"": 0.8, ""evidence_refs"": [""kg-node:physics_8a_rjb_cpt113:definition""]}, {""id"": ""e4"", ""source"": ""n5"", ""target"": ""n3"", ""relation"": ""constrains"", ""weight"": 0.8, ""evidence_refs"": [""kg-node:physics_8a_rjb_cpt114:definition""]}]",,,
physics_8a_rjb_cpt114,physics,近点,mechanism,valid,[],"[{""id"": ""n1"", ""type"": ""process"", ""text"": ""眼睛调节：通过睫状体改变晶状体形状，使不同距离物体成像在视网膜上"", ""weight"": 1.0, ""evidence_refs"": [""kg-node:physics_8a_rjb_cpt112:definition"", ""kg-node:physics_8a_rjb_cpt112:retrieval_text""]}, {""id"": ""n2"", ""type"": ""condition"", ""text"": ""近点：眼睛依靠调节能看清的最近点，正常眼约10 cm"", ""weight"": 1.0, ""evidence_refs"": [""kg-node:physics_8a_rjb_cpt114:definition"", ""kg-node:physics_8a_rjb_cpt114:retrieval_text""]}, {""id"": ""n3"", ""type"": ""state"", ""text"": ""明视距离：正常眼观察近处物体最清晰而不疲劳的距离，约25 cm"", ""weight"": 1.0, ""evidence_refs"": [""kg-node:physics_8a_rjb_cpt115:definition"", ""kg-node:physics_8a_rjb_cpt115:retrieval_text""]}]","[{""id"": ""e1"", ""source"": ""n1"", ""target"": ""n2"", ""relation"": ""enables"", ""weight"": 1.0, ""evidence_refs"": [""kg-edge:normalized:edge:17199""]}, {""id"": ""e2"", ""source"": ""n2"", ""target"": ""n3"", ""relation"": ""relates_to"", ""weight"": 1.0, ""evidence_refs"": [""kg-edge:normalized:edge:19715""]}]",,,
physics_8a_rjb_cpt115,physics,明视距离,mechanism,valid,[],"[{""id"": ""n1"", ""type"": ""condition"", ""text"": ""正常眼观察近处物体最清晰而不疲劳的距离，约25 cm"", ""weight"": 1.0, ""evidence_refs"": [""kg-node:physics_8a_rjb_cpt115:definition""]}, {""id"": ""n2"", ""type"": ""condition"", ""text"": ""眼睛依靠调节能看清的最近点，正常眼近点约为10 cm"", ""weight"": 1.0, ""evidence_refs"": [""kg-node:physics_8a_rjb_cpt114:definition""]}]","[{""id"": ""e1"", ""source"": ""n2"", ""target"": ""n1"", ""relation"": ""relates_to"", ""weight"": 1.0, ""evidence_refs"": [""kg-edge:normalized:edge:19715""]}]",,,
physics_8a_rjb_cpt116,physics,近视眼及矫正,mechanism,valid,[],"[{""id"": ""n1"", ""type"": ""condition"", ""text"": ""折光过强或眼球过长"", ""weight"": 1.0, ""evidence_refs"": [""kg-node:physics_8a_rjb_cpt116:definition""]}, {""id"": ""n2"", ""type"": ""state"", ""text"": ""远处物体成像在视网膜前"", ""weight"": 1.0, ""evidence_refs"": [""kg-node:physics_8a_rjb_cpt116:definition""]}, {""id"": ""n3"", ""type"": ""process"", ""text"": ""用凹透镜矫正"", ""weight"": 1.0, ""evidence_refs"": [""kg-node:physics_8a_rjb_cpt116:definition""]}, {""id"": ""n4"", ""type"": ""entity"", ""text"": ""透镜焦度"", ""weight"": 1.0, ""evidence_refs"": [""kg-node:physics_8a_rjb_cpt118:definition"", ""kg-node:physics_8a_rjb_cpt118:formula""]}]","[{""id"": ""e1"", ""source"": ""n1"", ""target"": ""n2"", ""relation"": ""causes"", ""weight"": 1.0, ""evidence_refs"": [""kg-node:physics_8a_rjb_cpt116:definition""]}, {""id"": ""e2"", ""source"": ""n3"", ""target"": ""n2"", ""relation"": ""transforms"", ""weight"": 1.0, ""evidence_refs"": [""kg-node:physics_8a_rjb_cpt116:definition""]}, {""id"": ""e3"", ""source"": ""n3"", ""target"": ""n4"", ""relation"": ""relates_to"", ""weight"": 1.0, ""evidence_refs"": [""kg-edge:normalized:edge:19716""]}]",,,
